id,epoch_ms,datetime_utc,latitude,longitude,type
1,1561827651000,2019-06-29 17:00:51.000,-4.31580713011723,108.894334837618,2
2,1561827651000,2019-06-29 17:00:51.000,-4.31580713011723,108.894334837618,2
3,1561827651000,2019-06-29 17:00:51.000,-4.31580713011723,108.894334837618,2
4,1561827671000,2019-06-29 17:01:11.000,-3.62381178436627,108.678319849137,1
5,1561827671000,2019-06-29 17:01:11.000,-3.62381178436627,108.678319849137,1
6,1561827671000,2019-06-29 17:01:11.000,-3.62381178436627,108.678319849137,1
7,1561827842000,2019-06-29 17:04:02.000,-3.23082196891766,111.943568553873,2
8,1561827842000,2019-06-29 17:04:02.000,-3.23082196891766,111.943568553873,2
9,1561827842000,2019-06-29 17:04:02.000,-3.23082196891766,111.943568553873,2
10,1561827994000,2019-06-29 17:06:34.000,-3.38555982921869,111.666051970757,2
11,1561827994000,2019-06-29 17:06:34.000,-3.38555982921869,111.666051970757,2
12,1561827994000,2019-06-29 17:06:34.000,-3.38555982921869,111.666051970757,2
13,1561828319000,2019-06-29 17:11:59.000,-2.50369693407479,108.344567284966,0
14,1561828319000,2019-06-29 17:11:59.000,-2.50369693407479,108.344567284966,0
15,1561828319000,2019-06-29 17:11:59.000,-2.50369693407479,108.344567284966,0
16,1561828675000,2019-06-29 17:17:55.000,-3.97808050614717,112.559405344587,0
17,1561828675000,2019-06-29 17:17:55.000,-3.97808050614717,112.559405344587,0
18,1561828675000,2019-06-29 17:17:55.000,-3.97808050614717,112.559405344587,0
19,1561829027000,2019-06-29 17:23:47.000,-4.92731250907315,106.281141914048,2
20,1561829027000,2019-06-29 17:23:47.000,-4.92731250907315,106.281141914048,2
21,1561829027000,2019-06-29 17:23:47.000,-4.92731250907315,106.281141914048,2
22,1561829278000,2019-06-29 17:27:58.000,-2.8141379515454,108.813910336001,0
23,1561829278000,2019-06-29 17:27:58.000,-2.81413795154539,108.813910336001,0
24,1561829278000,2019-06-29 17:27:58.000,-2.8141379515454,108.813910336001,0
25,1561829424000,2019-06-29 17:30:24.000,-2.88026307936506,111.644867486628,2
26,1561829424000,2019-06-29 17:30:24.000,-2.88026307936506,111.644867486628,2
27,1561829424000,2019-06-29 17:30:24.000,-2.88026307936506,111.644867486628,2
28,1561829486000,2019-06-29 17:31:26.000,-3.72118609624197,108.558430867583,2
29,1561829486000,2019-06-29 17:31:26.000,-3.72118609624197,108.558430867583,2
30,1561829486000,2019-06-29 17:31:26.000,-3.72118609624197,108.558430867583,2
31,1561829721000,2019-06-29 17:35:21.000,-3.82862219260345,108.70082282007,2
32,1561829721000,2019-06-29 17:35:21.000,-3.82862219260345,108.70082282007,2
33,1561829721000,2019-06-29 17:35:21.000,-3.82862219260345,108.70082282007,2
34,1561829802000,2019-06-29 17:36:42.000,-5.62119339968009,106.686069338871,0
35,1561829802000,2019-06-29 17:36:42.000,-5.62119339968009,106.686069338871,0
36,1561829802000,2019-06-29 17:36:42.000,-5.62119339968009,106.686069338871,0
37,1561829825000,2019-06-29 17:37:05.000,-3.78457112973163,108.763945906686,2
38,1561829825000,2019-06-29 17:37:05.000,-3.78457112973163,108.763945906686,2
39,1561829825000,2019-06-29 17:37:05.000,-3.78457112973163,108.763945906686,2
40,1561829885000,2019-06-29 17:38:05.000,-3.62388619810997,108.703368688486,0
41,1561829885000,2019-06-29 17:38:05.000,-3.62388619810997,108.703368688486,0
42,1561829885000,2019-06-29 17:38:05.000,-3.62388619810997,108.703368688486,0
43,1561830019000,2019-06-29 17:40:19.000,-4.5784722420256,108.508653567421,2
44,1561830019000,2019-06-29 17:40:19.000,-4.5784722420256,108.508653567421,2
45,1561830019000,2019-06-29 17:40:19.000,-4.5784722420256,108.508653567421,2
46,1561830077000,2019-06-29 17:41:17.000,-4.67474596253888,109.118716813575,2
47,1561830088000,2019-06-29 17:41:28.000,-4.27613239217342,108.253932636186,2
48,1561830088000,2019-06-29 17:41:28.000,-4.27613239217342,108.253932636186,2
49,1561830088000,2019-06-29 17:41:28.000,-4.27613239217342,108.253932636186,2
50,1561830179000,2019-06-29 17:42:59.000,-4.79893292289491,109.122870507405,2
51,1561830179000,2019-06-29 17:42:59.000,-4.79893292289491,109.122870507405,2
52,1561830179000,2019-06-29 17:42:59.000,-4.79893292289491,109.122870507405,2
53,1561830224000,2019-06-29 17:43:44.000,-4.95693200540089,108.917747544323,2
54,1561830224000,2019-06-29 17:43:44.000,-4.95693200540089,108.917747544323,2
55,1561830224000,2019-06-29 17:43:44.000,-4.95693200540089,108.917747544323,2
56,1561830297000,2019-06-29 17:44:57.000,-4.25354450400088,108.694288514698,2
57,1561830297000,2019-06-29 17:44:57.000,-4.25354450400088,108.694288514698,2
58,1561830297000,2019-06-29 17:44:57.000,-4.25354450400088,108.694288514698,2
59,1561830306000,2019-06-29 17:45:06.000,-3.8700621686108,108.981491798481,0
60,1561830306000,2019-06-29 17:45:06.000,-3.8700621686108,108.981491798481,0
61,1561830307000,2019-06-29 17:45:07.000,-5.57660942141092,106.293353044279,0
62,1561830306000,2019-06-29 17:45:06.000,-3.8700621686108,108.981491798481,0
63,1561830307000,2019-06-29 17:45:07.000,-5.57660942141092,106.293353044279,0
64,1561830307000,2019-06-29 17:45:07.000,-5.57660942141092,106.293353044279,0
65,1561830371000,2019-06-29 17:46:11.000,-3.87697287154795,108.960946594058,2
66,1561830371000,2019-06-29 17:46:11.000,-3.87697287154795,108.960946594058,2
67,1561830371000,2019-06-29 17:46:11.000,-3.87697287154795,108.960946594058,2
68,1561830547000,2019-06-29 17:49:07.000,-5.6879186716582,106.161214377939,2
69,1561830547000,2019-06-29 17:49:07.000,-5.6879186716582,106.161214377939,2
70,1561830547000,2019-06-29 17:49:07.000,-5.6879186716582,106.161214377939,2
71,1561830603000,2019-06-29 17:50:03.000,-4.03855179410369,108.430047719131,0
72,1561830603000,2019-06-29 17:50:03.000,-4.03855179410369,108.430047719131,0
73,1561830603000,2019-06-29 17:50:03.000,-4.03855179410369,108.430047719131,0
74,1561830617000,2019-06-29 17:50:17.000,-4.27658101472979,108.044113003101,2
75,1561830617000,2019-06-29 17:50:17.000,-4.27658101472979,108.044113003101,2
76,1561830617000,2019-06-29 17:50:17.000,-4.27658101472979,108.044113003101,2
77,1561830713000,2019-06-29 17:51:53.000,-4.00912607210408,108.938716483271,0
78,1561830713000,2019-06-29 17:51:53.000,-4.00912607210408,108.938716483271,0
79,1561830713000,2019-06-29 17:51:53.000,-4.00912607210408,108.938716483271,0
80,1561831090000,2019-06-29 17:58:10.000,-3.94440847523577,108.458559865372,0
81,1561831090000,2019-06-29 17:58:10.000,-3.94440847523577,108.458559865372,0
82,1561831090000,2019-06-29 17:58:10.000,-3.94440847523577,108.458559865372,0
83,1561831144000,2019-06-29 17:59:04.000,-4.93875823605359,106.914640738414,0
84,1561831144000,2019-06-29 17:59:04.000,-4.93875823605359,106.914640738414,0
85,1561831144000,2019-06-29 17:59:04.000,-4.93875823605359,106.914640738414,0
86,1561831175000,2019-06-29 17:59:35.000,-5.67486483199586,106.528341829792,0
87,1561831175000,2019-06-29 17:59:35.000,-5.67486483199586,106.528341829792,0
88,1561831175000,2019-06-29 17:59:35.000,-5.67486483199586,106.528341829792,0
89,1561831224000,2019-06-29 18:00:24.000,-1.40506769898598,110.88437490917,1
90,1561831224000,2019-06-29 18:00:24.000,-1.40506769898598,110.88437490917,1
91,1561831224000,2019-06-29 18:00:24.000,-1.40506769898598,110.88437490917,1
92,1561831239000,2019-06-29 18:00:39.000,-4.46003888151937,108.971928806663,1
93,1561831239000,2019-06-29 18:00:39.000,-4.46003888151937,108.971928806663,1
94,1561831239000,2019-06-29 18:00:39.000,-4.46003888151937,108.971928806663,1
95,1561831272000,2019-06-29 18:01:12.000,-5.53414298919387,106.485366646471,0
96,1561831272000,2019-06-29 18:01:12.000,-5.53414298919387,106.485366646471,0
97,1561831272000,2019-06-29 18:01:12.000,-5.53414298919387,106.485366646471,0
98,1561831316000,2019-06-29 18:01:56.000,-3.91250454335933,108.66293193391,2
99,1561831316000,2019-06-29 18:01:56.000,-3.91250454335933,108.66293193391,2
100,1561831316000,2019-06-29 18:01:56.000,-3.91250454335933,108.66293193391,2
101,1561831320000,2019-06-29 18:02:00.000,-4.59451587441959,108.906668224686,0
102,1561831320000,2019-06-29 18:02:00.000,-4.59451587441959,108.906668224686,0
103,1561831320000,2019-06-29 18:02:00.000,-4.59451587441959,108.906668224686,0
104,1561831341000,2019-06-29 18:02:21.000,-5.66004647027303,107.355962780148,2
105,1561831341000,2019-06-29 18:02:21.000,-5.66004647027303,107.355962780148,2
106,1561831341000,2019-06-29 18:02:21.000,-5.66004647027303,107.355962780148,2
107,1561831407000,2019-06-29 18:03:27.000,-3.98986971735764,108.406187410651,0
108,1561831407000,2019-06-29 18:03:27.000,-3.98986971735764,108.406187410651,0
109,1561831407000,2019-06-29 18:03:27.000,-3.98986971735764,108.406187410651,0
110,1561831427000,2019-06-29 18:03:47.000,-6.27476546666486,107.886449889082,2
111,1561831427000,2019-06-29 18:03:47.000,-6.27476546666486,107.886449889082,2
112,1561831427000,2019-06-29 18:03:47.000,-6.27476546666486,107.886449889082,2
113,1561831470000,2019-06-29 18:04:30.000,-4.93018314151176,108.464183757499,1
114,1561831470000,2019-06-29 18:04:30.000,-4.93018314151176,108.464183757499,1
115,1561831470000,2019-06-29 18:04:30.000,-4.93018314151176,108.464183757499,1
116,1561831666000,2019-06-29 18:07:46.000,-3.92609341943435,108.984991287051,0
117,1561831666000,2019-06-29 18:07:46.000,-3.92609341943435,108.984991287051,0
118,1561831666000,2019-06-29 18:07:46.000,-3.92609341943435,108.984991287051,0
119,1561831688000,2019-06-29 18:08:08.000,-4.67641693615324,108.922283413031,1
120,1561831688000,2019-06-29 18:08:08.000,-4.67641693615324,108.922283413031,1
121,1561831688000,2019-06-29 18:08:08.000,-4.67641693615324,108.922283413031,1
122,1561831830000,2019-06-29 18:10:30.000,-4.13786293526103,108.756512587309,0
123,1561831830000,2019-06-29 18:10:30.000,-4.13786293526103,108.756512587309,0
124,1561831830000,2019-06-29 18:10:30.000,-4.13786293526103,108.756512587309,0
125,1561831979000,2019-06-29 18:12:59.000,-4.55823950657496,108.1739809012,2
126,1561831979000,2019-06-29 18:12:59.000,-4.55823950657496,108.1739809012,2
127,1561831979000,2019-06-29 18:12:59.000,-4.55823950657496,108.1739809012,2
128,1561831982000,2019-06-29 18:13:02.000,-5.48702355900342,106.750030159245,2
129,1561831982000,2019-06-29 18:13:02.000,-5.48702355900342,106.750030159245,2
130,1561831982000,2019-06-29 18:13:02.000,-5.48702355900342,106.750030159245,2
131,1561832039000,2019-06-29 18:13:59.000,-3.94864205756905,108.693687476392,2
132,1561832039000,2019-06-29 18:13:59.000,-3.94864205756905,108.693687476392,2
133,1561832039000,2019-06-29 18:13:59.000,-3.94864205756905,108.693687476392,2
134,1561832082000,2019-06-29 18:14:42.000,-4.67673934381829,107.721795555051,2
135,1561832082000,2019-06-29 18:14:42.000,-4.67673934381829,107.721795555051,2
136,1561832082000,2019-06-29 18:14:42.000,-4.67673934381829,107.721795555051,2
137,1561832087000,2019-06-29 18:14:47.000,-4.70900368690248,108.871615106076,2
138,1561832087000,2019-06-29 18:14:47.000,-4.15294750387087,108.814837950044,0
139,1561832087000,2019-06-29 18:14:47.000,-4.70900368690248,108.871615106076,2
140,1561832087000,2019-06-29 18:14:47.000,-4.15294750387087,108.814837950044,0
141,1561832087000,2019-06-29 18:14:47.000,-4.70900368690248,108.871615106076,2
142,1561832087000,2019-06-29 18:14:47.000,-4.15294750387087,108.814837950044,0
143,1561832151000,2019-06-29 18:15:51.000,-4.835623812203,108.736426506265,1
144,1561832151000,2019-06-29 18:15:51.000,-4.835623812203,108.736426506265,1
145,1561832151000,2019-06-29 18:15:51.000,-4.835623812203,108.736426506265,1
146,1561832155000,2019-06-29 18:15:55.000,-4.21595006992719,108.540291860316,2
147,1561832155000,2019-06-29 18:15:55.000,-4.21595006992719,108.540291860316,2
148,1561832155000,2019-06-29 18:15:55.000,-4.21595006992719,108.540291860316,2
149,1561832177000,2019-06-29 18:16:17.000,-4.35820140470713,108.862161783044,1
150,1561832177000,2019-06-29 18:16:17.000,-5.56408770753516,106.520040112305,0
151,1561832177000,2019-06-29 18:16:17.000,-4.35820140470713,108.862161783044,1
152,1561832177000,2019-06-29 18:16:17.000,-5.56408770753516,106.520040112305,0
153,1561832177000,2019-06-29 18:16:17.000,-4.35820140470713,108.862161783044,1
154,1561832177000,2019-06-29 18:16:17.000,-5.56408770753516,106.520040112305,0
155,1561832234000,2019-06-29 18:17:14.000,-4.69375741399062,109.044642073675,1
156,1561832234000,2019-06-29 18:17:14.000,-4.69375741399062,109.044642073675,1
157,1561832234000,2019-06-29 18:17:14.000,-4.69375741399062,109.044642073675,1
158,1561832262000,2019-06-29 18:17:42.000,-4.37312257370456,108.011569190693,2
159,1561832262000,2019-06-29 18:17:42.000,-4.37312257370456,108.011569190693,2
160,1561832264000,2019-06-29 18:17:44.000,-4.16612261617674,109.065287411927,2
161,1561832262000,2019-06-29 18:17:42.000,-4.37312257370456,108.011569190693,2
162,1561832264000,2019-06-29 18:17:44.000,-4.16612261617674,109.065287411927,2
163,1561832264000,2019-06-29 18:17:44.000,-4.16612261617674,109.065287411927,2
164,1561832429000,2019-06-29 18:20:29.000,-4.6179997180665,108.80998094634,0
165,1561832429000,2019-06-29 18:20:29.000,-4.6179997180665,108.80998094634,0
166,1561832429000,2019-06-29 18:20:29.000,-4.6179997180665,108.80998094634,0
167,1561832504000,2019-06-29 18:21:44.000,-4.47458568256136,108.984330062322,0
168,1561832504000,2019-06-29 18:21:44.000,-4.47458568256136,108.984330062322,0
169,1561832504000,2019-06-29 18:21:44.000,-4.47458568256136,108.984330062322,0
170,1561832539000,2019-06-29 18:22:19.000,-4.19072808966765,108.635899617319,0
171,1561832539000,2019-06-29 18:22:19.000,-4.19072808966765,108.635899617319,0
172,1561832539000,2019-06-29 18:22:19.000,-4.19072808966765,108.635899617319,0
173,1561832594000,2019-06-29 18:23:14.000,-4.69546588349897,108.614979113963,0
174,1561832594000,2019-06-29 18:23:14.000,-4.69546588349897,108.614979113963,0
175,1561832594000,2019-06-29 18:23:14.000,-4.69546588349897,108.614979113963,0
176,1561832604000,2019-06-29 18:23:24.000,-5.46758165741242,106.839247353974,0
177,1561832604000,2019-06-29 18:23:24.000,-5.46758165741242,106.839247353974,0
178,1561832604000,2019-06-29 18:23:24.000,-5.46758165741242,106.839247353974,0
179,1561832757000,2019-06-29 18:25:57.000,-13.0061040214812,110.599318862324,0
180,1561832757000,2019-06-29 18:25:57.000,-13.0061040214812,110.599318862324,0
181,1561832757000,2019-06-29 18:25:57.000,-13.0061040214812,110.599318862324,0
182,1561832774000,2019-06-29 18:26:14.000,-3.77926696009267,108.777959825791,0
183,1561832774000,2019-06-29 18:26:14.000,-3.77926696009267,108.777959825791,0
184,1561832776000,2019-06-29 18:26:16.000,-4.84973041847815,108.258064438751,0
185,1561832774000,2019-06-29 18:26:14.000,-3.77926696009267,108.777959825791,0
186,1561832776000,2019-06-29 18:26:16.000,-4.84973041847815,108.258064438751,0
187,1561832776000,2019-06-29 18:26:16.000,-4.84973041847815,108.258064438751,0
188,1561832810000,2019-06-29 18:26:50.000,-3.92076713184373,108.690143583857,2
189,1561832810000,2019-06-29 18:26:50.000,-3.92076713184373,108.690143583857,2
190,1561832810000,2019-06-29 18:26:50.000,-4.59843941759707,108.875073024042,0
191,1561832811000,2019-06-29 18:26:51.000,-4.65246298066152,108.758498870386,0
192,1561832810000,2019-06-29 18:26:50.000,-3.92076713184373,108.690143583857,2
193,1561832810000,2019-06-29 18:26:50.000,-4.59843941759707,108.875073024042,0
194,1561832811000,2019-06-29 18:26:51.000,-4.65246298066152,108.758498870386,0
195,1561832811000,2019-06-29 18:26:51.000,-3.91807904451224,108.720616675628,2
196,1561832810000,2019-06-29 18:26:50.000,-4.59843941759707,108.875073024042,0
197,1561832811000,2019-06-29 18:26:51.000,-4.65246298066152,108.758498870386,0
198,1561832811000,2019-06-29 18:26:51.000,-3.91807904451224,108.720616675628,2
199,1561832811000,2019-06-29 18:26:51.000,-3.91807904451224,108.720616675628,2
200,1561832855000,2019-06-29 18:27:35.000,-4.01543873544702,108.697910242215,2
201,1561832855000,2019-06-29 18:27:35.000,-4.08765117793214,108.494200708601,0
202,1561832855000,2019-06-29 18:27:35.000,-4.01543873544702,108.697910242215,2
203,1561832855000,2019-06-29 18:27:35.000,-4.08765117793214,108.494200708601,0
204,1561832855000,2019-06-29 18:27:35.000,-4.01543873544702,108.697910242215,2
205,1561832855000,2019-06-29 18:27:35.000,-4.08765117793214,108.494200708601,0
206,1561832863000,2019-06-29 18:27:43.000,-4.52027393437679,109.041625646151,0
207,1561832863000,2019-06-29 18:27:43.000,-4.52027393437679,109.041625646151,0
208,1561832863000,2019-06-29 18:27:43.000,-4.52027393437679,109.041625646151,0
209,1561832876000,2019-06-29 18:27:56.000,-3.78657642290829,108.946124955965,2
210,1561832876000,2019-06-29 18:27:56.000,-3.78657642290829,108.946124955965,2
211,1561832876000,2019-06-29 18:27:56.000,-3.78657642290829,108.946124955965,2
212,1561832959000,2019-06-29 18:29:19.000,-4.55955906137789,108.851262484493,2
213,1561832959000,2019-06-29 18:29:19.000,-4.55955906137789,108.851262484493,2
214,1561832959000,2019-06-29 18:29:19.000,-4.55955906137789,108.851262484493,2
215,1561832962000,2019-06-29 18:29:22.000,-3.98528355241969,108.477809544063,0
216,1561832962000,2019-06-29 18:29:22.000,-3.98528355241969,108.477809544063,0
217,1561832962000,2019-06-29 18:29:22.000,-3.98528355241969,108.477809544063,0
218,1561832989000,2019-06-29 18:29:49.000,-3.84836876167615,110.962244786772,2
219,1561832989000,2019-06-29 18:29:49.000,-3.84836876167615,110.962244786772,2
220,1561832989000,2019-06-29 18:29:49.000,-3.84836876167615,110.962244786772,2
221,1561833013000,2019-06-29 18:30:13.000,-4.12369437313013,108.720404843679,2
222,1561833014000,2019-06-29 18:30:14.000,-4.13757503984221,108.557367328179,0
223,1561833013000,2019-06-29 18:30:13.000,-4.12369437313013,108.720404843679,2
224,1561833014000,2019-06-29 18:30:14.000,-4.13757503984221,108.557367328179,0
225,1561833013000,2019-06-29 18:30:13.000,-4.12369437313013,108.720404843679,2
226,1561833014000,2019-06-29 18:30:14.000,-4.13757503984221,108.557367328179,0
227,1561833063000,2019-06-29 18:31:03.000,-4.4984927418036,109.182977339426,2
228,1561833063000,2019-06-29 18:31:03.000,-4.4984927418036,109.182977339426,2
229,1561833063000,2019-06-29 18:31:03.000,-4.4984927418036,109.182977339426,2
230,1561833120000,2019-06-29 18:32:00.000,-4.38953963757344,107.828974250218,2
231,1561833120000,2019-06-29 18:32:00.000,-4.38953963757344,107.828974250218,2
232,1561833120000,2019-06-29 18:32:00.000,-4.38953963757344,107.828974250218,2
233,1561833272000,2019-06-29 18:34:32.000,-4.45465443101998,107.893158770851,2
234,1561833272000,2019-06-29 18:34:32.000,-4.45465443101998,107.893158770851,2
235,1561833272000,2019-06-29 18:34:32.000,-4.45465443101998,107.893158770851,2
236,1561833288000,2019-06-29 18:34:48.000,-12.4723182185941,110.253324081494,2
237,1561833324000,2019-06-29 18:35:24.000,-4.27968937071918,108.247779468902,0
238,1561833324000,2019-06-29 18:35:24.000,-4.27968937071918,108.247779468902,0
239,1561833324000,2019-06-29 18:35:24.000,-4.27968937071918,108.247779468902,0
240,1561833384000,2019-06-29 18:36:24.000,-4.25905880924919,107.810005034489,2
241,1561833384000,2019-06-29 18:36:24.000,-4.25905880924919,107.810005034489,2
242,1561833384000,2019-06-29 18:36:24.000,-4.25905880924919,107.810005034489,2
243,1561833401000,2019-06-29 18:36:41.000,-4.64326319214707,108.953616747108,2
244,1561833401000,2019-06-29 18:36:41.000,-4.64326319214707,108.953616747108,2
245,1561833401000,2019-06-29 18:36:41.000,-4.64326319214707,108.953616747108,2
246,1561833481000,2019-06-29 18:38:01.000,-4.62178881557685,111.123369684402,2
247,1561833481000,2019-06-29 18:38:01.000,-4.62178881557685,111.123369684402,2
248,1561833481000,2019-06-29 18:38:01.000,-4.62178881557685,111.123369684402,2
249,1561833502000,2019-06-29 18:38:22.000,-4.47362245611483,107.976045945372,2
250,1561833502000,2019-06-29 18:38:22.000,-4.47362245611483,107.976045945372,2
251,1561833502000,2019-06-29 18:38:22.000,-4.47362245611483,107.976045945372,2
252,1561833509000,2019-06-29 18:38:29.000,-4.02238013712132,108.928539916358,2
253,1561833509000,2019-06-29 18:38:29.000,-4.02238013712132,108.928539916358,2
254,1561833509000,2019-06-29 18:38:29.000,-4.02238013712132,108.928539916358,2
255,1561833547000,2019-06-29 18:39:07.000,-4.61597348832195,108.835999034195,0
256,1561833547000,2019-06-29 18:39:07.000,-4.61597348832195,108.835999034195,0
257,1561833547000,2019-06-29 18:39:07.000,-4.61597348832195,108.835999034195,0
258,1561833550000,2019-06-29 18:39:10.000,-4.52776624939481,108.121616130646,2
259,1561833550000,2019-06-29 18:39:10.000,-4.52776624939481,108.121616130646,2
260,1561833550000,2019-06-29 18:39:10.000,-4.52776624939481,108.121616130646,2
261,1561833602000,2019-06-29 18:40:02.000,-4.50143375736406,108.405899001971,2
262,1561833602000,2019-06-29 18:40:02.000,-4.50143375736406,108.405899001971,2
263,1561833602000,2019-06-29 18:40:02.000,-4.50143375736406,108.405899001971,2
264,1561833645000,2019-06-29 18:40:45.000,-4.74389927991741,108.926079762689,0
265,1561833645000,2019-06-29 18:40:45.000,-4.31699321053349,108.751733504696,0
266,1561833645000,2019-06-29 18:40:45.000,-4.74389927991741,108.926079762689,0
267,1561833645000,2019-06-29 18:40:45.000,-4.31699321053349,108.751733504696,0
268,1561833645000,2019-06-29 18:40:45.000,-4.74389927991741,108.926079762689,0
269,1561833645000,2019-06-29 18:40:45.000,-4.31699321053349,108.751733504696,0
270,1561833731000,2019-06-29 18:42:11.000,-4.16031425810329,108.920208070512,0
271,1561833731000,2019-06-29 18:42:11.000,-4.16031425810329,108.920208070512,0
272,1561833731000,2019-06-29 18:42:11.000,-4.16031425810329,108.920208070512,0
273,1561833761000,2019-06-29 18:42:41.000,-4.12461621840689,108.788534146855,2
274,1561833761000,2019-06-29 18:42:41.000,-4.12461621840689,108.788534146855,2
275,1561833761000,2019-06-29 18:42:41.000,-4.12461621840689,108.788534146855,2
276,1561833787000,2019-06-29 18:43:07.000,-4.22908781354598,108.917375211647,0
277,1561833787000,2019-06-29 18:43:07.000,-4.22908781354598,108.917375211647,0
278,1561833787000,2019-06-29 18:43:07.000,-4.22908781354598,108.917375211647,0
279,1561833820000,2019-06-29 18:43:40.000,-4.72356820082342,109.143009956004,0
280,1561833820000,2019-06-29 18:43:40.000,-4.27046048067063,108.767991322371,0
281,1561833820000,2019-06-29 18:43:40.000,-4.72356820082342,109.143009956004,0
282,1561833820000,2019-06-29 18:43:40.000,-4.27046048067063,108.767991322371,0
283,1561833820000,2019-06-29 18:43:40.000,-4.72356820082342,109.143009956004,0
284,1561833820000,2019-06-29 18:43:40.000,-4.27046048067063,108.767991322371,0
285,1561833838000,2019-06-29 18:43:58.000,-4.80715484209348,109.077615402293,2
286,1561833838000,2019-06-29 18:43:58.000,-4.80715484209348,109.077615402293,2
287,1561833838000,2019-06-29 18:43:58.000,-4.80715484209348,109.077615402293,2
288,1561833897000,2019-06-29 18:44:57.000,-4.94505766759779,108.942683679765,2
289,1561833897000,2019-06-29 18:44:57.000,-4.38080496700063,108.878453182205,0
290,1561833897000,2019-06-29 18:44:57.000,-4.94505766759779,108.942683679765,2
291,1561833897000,2019-06-29 18:44:57.000,-4.38080496700063,108.878453182205,0
292,1561833897000,2019-06-29 18:44:57.000,-4.94505766759779,108.942683679765,2
293,1561833897000,2019-06-29 18:44:57.000,-4.38080496700063,108.878453182205,0
294,1561833925000,2019-06-29 18:45:25.000,-4.74333449408459,108.353942341339,0
295,1561833925000,2019-06-29 18:45:25.000,-4.74333449408459,108.353942341339,0
296,1561833925000,2019-06-29 18:45:25.000,-4.74333449408459,108.353942341339,0
297,1561834028000,2019-06-29 18:47:08.000,-4.92957736755491,108.207434765185,2
298,1561834028000,2019-06-29 18:47:08.000,-4.92957736755491,108.207434765185,2
299,1561834028000,2019-06-29 18:47:08.000,-4.22341407147131,108.857616174789,2
300,1561834028000,2019-06-29 18:47:08.000,-4.92957736755491,108.207434765185,2
301,1561834028000,2019-06-29 18:47:08.000,-4.22341407147131,108.857616174789,2
302,1561834028000,2019-06-29 18:47:08.000,-4.22341407147131,108.857616174789,2
303,1561834040000,2019-06-29 18:47:20.000,-4.23999681294678,109.466267251093,2
304,1561834040000,2019-06-29 18:47:20.000,-4.23999681294678,109.466267251093,2
305,1561834040000,2019-06-29 18:47:20.000,-4.23999681294678,109.466267251093,2
306,1561834182000,2019-06-29 18:49:42.000,-5.15367158979683,108.375499910186,2
307,1561834182000,2019-06-29 18:49:42.000,-4.6201283680799,108.018920850183,0
308,1561834182000,2019-06-29 18:49:42.000,-5.15367158979683,108.375499910186,2
309,1561834182000,2019-06-29 18:49:42.000,-4.6201283680799,108.018920850183,0
310,1561834182000,2019-06-29 18:49:42.000,-5.15367158979683,108.375499910186,2
311,1561834182000,2019-06-29 18:49:42.000,-4.6201283680799,108.018920850183,0
312,1561834199000,2019-06-29 18:49:59.000,-4.45003038036103,108.830932539615,1
313,1561834199000,2019-06-29 18:49:59.000,-4.45003038036103,108.830932539615,1
314,1561834199000,2019-06-29 18:49:59.000,-4.45003038036103,108.830932539615,1
315,1561834259000,2019-06-29 18:50:59.000,-4.73990358438312,109.100082855402,2
316,1561834259000,2019-06-29 18:50:59.000,-4.73990358438312,109.100082855402,2
317,1561834259000,2019-06-29 18:50:59.000,-4.73990358438312,109.100082855402,2
318,1561834277000,2019-06-29 18:51:17.000,-13.331218648594,110.29462,2
319,1561834277000,2019-06-29 18:51:17.000,-13.331218648594,110.29462,2
320,1561834277000,2019-06-29 18:51:17.000,-13.331218648594,110.29462,2
321,1561834281000,2019-06-29 18:51:21.000,-4.20249330550663,109.188282554697,0
322,1561834281000,2019-06-29 18:51:21.000,-4.20249330550663,109.188282554697,0
323,1561834281000,2019-06-29 18:51:21.000,-4.20249330550663,109.188282554697,0
324,1561834331000,2019-06-29 18:52:11.000,-4.34886576572668,107.495224322981,0
325,1561834331000,2019-06-29 18:52:11.000,-4.34886576572668,107.495224322981,0
326,1561834331000,2019-06-29 18:52:11.000,-4.34886576572668,107.495224322981,0
327,1561834338000,2019-06-29 18:52:18.000,-4.37663539925223,107.376679105687,2
328,1561834338000,2019-06-29 18:52:18.000,-4.37663539925223,107.376679105687,2
329,1561834338000,2019-06-29 18:52:18.000,-4.37663539925223,107.376679105687,2
330,1561834343000,2019-06-29 18:52:23.000,-4.32581993990782,108.502512438883,2
331,1561834343000,2019-06-29 18:52:23.000,-4.32581993990782,108.502512438883,2
332,1561834343000,2019-06-29 18:52:23.000,-4.32581993990782,108.502512438883,2
333,1561834357000,2019-06-29 18:52:37.000,-4.73345562761879,108.972517116301,2
334,1561834357000,2019-06-29 18:52:37.000,-4.73345562761879,108.972517116301,2
335,1561834357000,2019-06-29 18:52:37.000,-4.73345562761879,108.972517116301,2
336,1561834399000,2019-06-29 18:53:19.000,-4.67492297555161,108.431079754324,0
337,1561834399000,2019-06-29 18:53:19.000,-4.67492297555161,108.431079754324,0
338,1561834399000,2019-06-29 18:53:19.000,-4.67492297555161,108.431079754324,0
339,1561834426000,2019-06-29 18:53:46.000,-4.11120758053829,107.802027484909,2
340,1561834426000,2019-06-29 18:53:46.000,-4.11120758053829,107.802027484909,2
341,1561834426000,2019-06-29 18:53:46.000,-4.11120758053829,107.802027484909,2
342,1561834455000,2019-06-29 18:54:15.000,-4.73005112349991,109.151514974717,0
343,1561834455000,2019-06-29 18:54:15.000,-4.73005112349991,109.151514974717,0
344,1561834455000,2019-06-29 18:54:15.000,-4.73005112349991,109.151514974717,0
345,1561834469000,2019-06-29 18:54:29.000,-4.23188019406643,108.76622673608,2
346,1561834469000,2019-06-29 18:54:29.000,-4.23188019406643,108.76622673608,2
347,1561834472000,2019-06-29 18:54:32.000,-4.0718757276464,107.747354000962,0
348,1561834469000,2019-06-29 18:54:29.000,-4.23188019406643,108.76622673608,2
349,1561834472000,2019-06-29 18:54:32.000,-4.0718757276464,107.747354000962,0
350,1561834472000,2019-06-29 18:54:32.000,-4.0718757276464,107.747354000962,0
351,1561834478000,2019-06-29 18:54:38.000,-4.79664861489116,109.079495288479,2
352,1561834478000,2019-06-29 18:54:38.000,-4.79664861489116,109.079495288479,2
353,1561834478000,2019-06-29 18:54:38.000,-4.79664861489116,109.079495288479,2
354,1561834492000,2019-06-29 18:54:52.000,-4.09674654916632,107.5408350597,2
355,1561834492000,2019-06-29 18:54:52.000,-4.09674654916632,107.5408350597,2
356,1561834492000,2019-06-29 18:54:52.000,-4.09674654916632,107.5408350597,2
357,1561834548000,2019-06-29 18:55:48.000,-4.87284239589978,109.15729463012,2
358,1561834549000,2019-06-29 18:55:49.000,-4.41510781603775,109.265896744588,0
359,1561834549000,2019-06-29 18:55:49.000,-4.38963305440732,109.166562382141,0
360,1561834548000,2019-06-29 18:55:48.000,-4.87284239589978,109.15729463012,2
361,1561834549000,2019-06-29 18:55:49.000,-4.41510781603775,109.265896744588,0
362,1561834549000,2019-06-29 18:55:49.000,-4.38963305440732,109.166562382141,0
363,1561834548000,2019-06-29 18:55:48.000,-4.87284239589978,109.15729463012,2
364,1561834549000,2019-06-29 18:55:49.000,-4.41510781603775,109.265896744588,0
365,1561834549000,2019-06-29 18:55:49.000,-4.38963305440732,109.166562382141,0
366,1561834585000,2019-06-29 18:56:25.000,-4.41404855556293,108.628877582784,2
367,1561834585000,2019-06-29 18:56:25.000,-4.41404855556293,108.628877582784,2
368,1561834585000,2019-06-29 18:56:25.000,-4.41404855556293,108.628877582784,2
369,1561834597000,2019-06-29 18:56:37.000,-4.5718744287267,108.577861905773,0
370,1561834597000,2019-06-29 18:56:37.000,-4.5718744287267,108.577861905773,0
371,1561834597000,2019-06-29 18:56:37.000,-4.5718744287267,108.577861905773,0
372,1561834620000,2019-06-29 18:57:00.000,-4.37553246320545,109.068415287474,0
373,1561834675000,2019-06-29 18:57:55.000,-4.31768514341413,109.452060926924,0
374,1561834675000,2019-06-29 18:57:55.000,-4.24861237450432,108.867629486047,0
375,1561834675000,2019-06-29 18:57:55.000,-4.31768514341413,109.452060926924,0
376,1561834675000,2019-06-29 18:57:55.000,-4.24861237450432,108.867629486047,0
377,1561834675000,2019-06-29 18:57:55.000,-4.31768514341413,109.452060926924,0
378,1561834675000,2019-06-29 18:57:55.000,-4.24861237450432,108.867629486047,0
379,1561834802000,2019-06-29 19:00:02.000,-4.43771873086632,108.028674646947,0
380,1561834802000,2019-06-29 19:00:02.000,-4.43771873086632,108.028674646947,0
381,1561834802000,2019-06-29 19:00:02.000,-4.43771873086632,108.028674646947,0
382,1561834901000,2019-06-29 19:01:41.000,-4.62983533799508,108.08365616069,2
383,1561834901000,2019-06-29 19:01:41.000,-4.62983533799508,108.08365616069,2
384,1561834901000,2019-06-29 19:01:41.000,-4.62983533799508,108.08365616069,2
385,1561834976000,2019-06-29 19:02:56.000,-4.54537646715601,108.438290886194,0
386,1561834976000,2019-06-29 19:02:56.000,-4.54537646715601,108.438290886194,0
387,1561834976000,2019-06-29 19:02:56.000,-4.54537646715601,108.438290886194,0
388,1561834983000,2019-06-29 19:03:03.000,-4.72321609159309,107.984836550477,2
389,1561834983000,2019-06-29 19:03:03.000,-4.63326524545854,108.110498270787,2
390,1561834983000,2019-06-29 19:03:03.000,-4.72321609159309,107.984836550477,2
391,1561834983000,2019-06-29 19:03:03.000,-4.63326524545854,108.110498270787,2
392,1561834983000,2019-06-29 19:03:03.000,-4.72321609159309,107.984836550477,2
393,1561834983000,2019-06-29 19:03:03.000,-4.63326524545854,108.110498270787,2
394,1561835096000,2019-06-29 19:04:56.000,-4.10347856167545,108.891618000245,0
395,1561835096000,2019-06-29 19:04:56.000,-4.10347856167545,108.891618000245,0
396,1561835096000,2019-06-29 19:04:56.000,-4.10347856167545,108.891618000245,0
397,1561835275000,2019-06-29 19:07:55.000,-4.67701854951225,108.35780966833,0
398,1561835275000,2019-06-29 19:07:55.000,-4.67701854951225,108.35780966833,0
399,1561835275000,2019-06-29 19:07:55.000,-4.67701854951225,108.35780966833,0
400,1561835336000,2019-06-29 19:08:56.000,-4.68763708268038,109.135898558884,2
401,1561835336000,2019-06-29 19:08:56.000,-4.68763708268038,109.135898558884,2
402,1561835336000,2019-06-29 19:08:56.000,-4.68763708268038,109.135898558884,2
403,1561835428000,2019-06-29 19:10:28.000,-4.51984719516286,108.483990668973,0
404,1561835428000,2019-06-29 19:10:28.000,-4.51984719516286,108.483990668973,0
405,1561835428000,2019-06-29 19:10:28.000,-4.51984719516286,108.483990668973,0
406,1561835434000,2019-06-29 19:10:34.000,-4.26075560247321,109.124405059015,0
407,1561835434000,2019-06-29 19:10:34.000,-4.26075560247321,109.124405059015,0
408,1561835434000,2019-06-29 19:10:34.000,-4.26075560247321,109.124405059015,0
409,1561835507000,2019-06-29 19:11:47.000,-4.57959834467842,108.681436235242,2
410,1561835507000,2019-06-29 19:11:47.000,-4.57959834467842,108.681436235242,2
411,1561835507000,2019-06-29 19:11:47.000,-4.57959834467842,108.681436235242,2
412,1561835521000,2019-06-29 19:12:01.000,-5.54270948687313,105.992736842922,1
413,1561835521000,2019-06-29 19:12:01.000,-5.54270948687313,105.992736842922,1
414,1561835521000,2019-06-29 19:12:01.000,-5.54270948687313,105.992736842922,1
415,1561835651000,2019-06-29 19:14:11.000,-11.8190169702468,110.857944084206,2
416,1561835651000,2019-06-29 19:14:11.000,-11.8190169702468,110.857944084206,2
417,1561835651000,2019-06-29 19:14:11.000,-11.8190169702468,110.857944084206,2
418,1561835724000,2019-06-29 19:15:24.000,-13.067244400546,111.189715742739,1
419,1561835724000,2019-06-29 19:15:24.000,-13.067244400546,111.189715742739,1
420,1561835724000,2019-06-29 19:15:24.000,-13.067244400546,111.189715742739,1
421,1561835801000,2019-06-29 19:16:41.000,-4.09476592311702,109.412384847853,2
422,1561835801000,2019-06-29 19:16:41.000,-4.09476592311702,109.412384847853,2
423,1561835801000,2019-06-29 19:16:41.000,-4.09476592311702,109.412384847853,2
424,1561835845000,2019-06-29 19:17:25.000,-11.8112771725155,110.585026640199,2
425,1561835845000,2019-06-29 19:17:25.000,-11.8112771725155,110.585026640199,2
426,1561835845000,2019-06-29 19:17:25.000,-11.8112771725155,110.585026640199,2
427,1561835912000,2019-06-29 19:18:32.000,-4.47141545470696,108.059526223902,1
428,1561835912000,2019-06-29 19:18:32.000,-4.47141545470696,108.059526223902,1
429,1561835912000,2019-06-29 19:18:32.000,-4.47141545470696,108.059526223902,1
430,1561835918000,2019-06-29 19:18:38.000,-4.14020770070125,108.846726185919,1
431,1561835918000,2019-06-29 19:18:38.000,-4.14020770070125,108.846726185919,1
432,1561835918000,2019-06-29 19:18:38.000,-4.14020770070125,108.846726185919,1
433,1561835984000,2019-06-29 19:19:44.000,-4.37753395810453,107.783983082626,2
434,1561835984000,2019-06-29 19:19:44.000,-4.37753395810453,107.783983082626,2
435,1561835984000,2019-06-29 19:19:44.000,-4.37753395810453,107.783983082626,2
436,1561835994000,2019-06-29 19:19:54.000,-4.56474037709188,108.907298392109,2
437,1561835994000,2019-06-29 19:19:54.000,-4.56474037709188,108.907298392109,2
438,1561835994000,2019-06-29 19:19:54.000,-4.56474037709188,108.907298392109,2
439,1561836017000,2019-06-29 19:20:17.000,-5.2309748680213,110.353130292592,0
440,1561836017000,2019-06-29 19:20:17.000,-5.2309748680213,110.353130292592,0
441,1561836017000,2019-06-29 19:20:17.000,-5.2309748680213,110.353130292592,0
442,1561836074000,2019-06-29 19:21:14.000,-11.824240266345,110.650240262549,0
443,1561836074000,2019-06-29 19:21:14.000,-11.824240266345,110.650240262549,0
444,1561836074000,2019-06-29 19:21:14.000,-11.824240266345,110.650240262549,0
445,1561836133000,2019-06-29 19:22:13.000,-4.28052475248372,108.140292833494,2
446,1561836133000,2019-06-29 19:22:13.000,-4.28052475248372,108.140292833494,2
447,1561836133000,2019-06-29 19:22:13.000,-4.28052475248372,108.140292833494,2
448,1561836318000,2019-06-29 19:25:18.000,-4.09574905437107,108.561393480166,2
449,1561836318000,2019-06-29 19:25:18.000,-4.09574905437107,108.561393480166,2
450,1561836318000,2019-06-29 19:25:18.000,-4.09574905437107,108.561393480166,2
451,1561836332000,2019-06-29 19:25:32.000,-4.40190425403098,107.690924232613,0
452,1561836332000,2019-06-29 19:25:32.000,-4.40190425403098,107.690924232613,0
453,1561836332000,2019-06-29 19:25:32.000,-4.40190425403098,107.690924232613,0
454,1561836368000,2019-06-29 19:26:08.000,-4.39898129788455,109.083407806367,0
455,1561836368000,2019-06-29 19:26:08.000,-4.39898129788455,109.083407806367,0
456,1561836368000,2019-06-29 19:26:08.000,-4.39898129788455,109.083407806367,0
457,1561836535000,2019-06-29 19:28:55.000,-4.14092156873343,107.904399992795,2
458,1561836535000,2019-06-29 19:28:55.000,-4.14092156873343,107.904399992795,2
459,1561836535000,2019-06-29 19:28:55.000,-4.14092156873343,107.904399992795,2
460,1561836742000,2019-06-29 19:32:22.000,-4.89657252812818,108.175997866453,2
461,1561836742000,2019-06-29 19:32:22.000,-4.89657252812818,108.175997866453,2
462,1561836742000,2019-06-29 19:32:22.000,-4.89657252812818,108.175997866453,2
463,1561836784000,2019-06-29 19:33:04.000,-3.24985433264108,110.29462,0
464,1561836784000,2019-06-29 19:33:04.000,-3.24985433264108,110.29462,0
465,1561836784000,2019-06-29 19:33:04.000,-3.24985433264108,110.29462,0
466,1561836819000,2019-06-29 19:33:39.000,-6.04068493209069,106.490415731009,2
467,1561836819000,2019-06-29 19:33:39.000,-6.04068493209069,106.490415731009,2
468,1561836819000,2019-06-29 19:33:39.000,-6.04068493209069,106.490415731009,2
469,1561836911000,2019-06-29 19:35:11.000,-3.24584663200504,110.508857081053,2
470,1561836911000,2019-06-29 19:35:11.000,-3.24584663200504,110.508857081053,2
471,1561836911000,2019-06-29 19:35:11.000,-3.24584663200504,110.508857081053,2
472,1561836926000,2019-06-29 19:35:26.000,-3.7527418950657,109.051542751365,2
473,1561836926000,2019-06-29 19:35:26.000,-3.7527418950657,109.051542751365,2
474,1561836926000,2019-06-29 19:35:26.000,-3.7527418950657,109.051542751365,2
475,1561837112000,2019-06-29 19:38:32.000,-4.49326656282684,109.257793171701,0
476,1561837112000,2019-06-29 19:38:32.000,-4.49326656282684,109.257793171701,0
477,1561837112000,2019-06-29 19:38:32.000,-4.49326656282684,109.257793171701,0
478,1561837267000,2019-06-29 19:41:07.000,-3.94385826245753,108.960918276997,0
479,1561837267000,2019-06-29 19:41:07.000,-3.94385826245753,108.960918276997,0
480,1561837267000,2019-06-29 19:41:07.000,-3.94385826245753,108.960918276997,0
481,1561837372000,2019-06-29 19:42:52.000,-4.04605171067738,108.718380913529,1
482,1561837372000,2019-06-29 19:42:52.000,-4.04605171067738,108.718380913529,1
483,1561837372000,2019-06-29 19:42:52.000,-4.04605171067738,108.718380913529,1
484,1561837481000,2019-06-29 19:44:41.000,-4.46635360642754,107.785389304241,2
485,1561837481000,2019-06-29 19:44:41.000,-4.46635360642754,107.785389304241,2
486,1561837481000,2019-06-29 19:44:41.000,-4.46635360642754,107.785389304241,2
487,1561837561000,2019-06-29 19:46:01.000,-3.87166266754553,108.866897902342,2
488,1561837561000,2019-06-29 19:46:01.000,-3.87166266754553,108.866897902342,2
489,1561837561000,2019-06-29 19:46:01.000,-3.87166266754553,108.866897902342,2
490,1561837639000,2019-06-29 19:47:19.000,-3.98020156510672,109.142499789639,2
491,1561837639000,2019-06-29 19:47:19.000,-3.98020156510672,109.142499789639,2
492,1561837639000,2019-06-29 19:47:19.000,-3.98020156510672,109.142499789639,2
493,1561837891000,2019-06-29 19:51:31.000,-4.85984285611516,108.19620875977,2
494,1561837891000,2019-06-29 19:51:31.000,-4.85984285611516,108.19620875977,2
495,1561837891000,2019-06-29 19:51:31.000,-4.85984285611516,108.19620875977,2
496,1561837897000,2019-06-29 19:51:37.000,-5.74774270465334,105.949593456163,0
497,1561837897000,2019-06-29 19:51:37.000,-5.74774270465334,105.949593456163,0
498,1561837897000,2019-06-29 19:51:37.000,-5.74774270465334,105.949593456163,0
499,1561837980000,2019-06-29 19:53:00.000,-4.93083428897322,108.099546466179,0
500,1561837980000,2019-06-29 19:53:00.000,-4.93083428897322,108.099546466179,0
501,1561837980000,2019-06-29 19:53:00.000,-4.93083428897322,108.099546466179,0
502,1561838015000,2019-06-29 19:53:35.000,-3.86426102282053,108.887472647415,1
503,1561838015000,2019-06-29 19:53:35.000,-3.86426102282053,108.887472647415,1
504,1561838015000,2019-06-29 19:53:35.000,-3.86426102282053,108.887472647415,1
505,1561838114000,2019-06-29 19:55:14.000,-4.71384256012422,108.454018898602,0
506,1561838114000,2019-06-29 19:55:14.000,-4.71384256012422,108.454018898602,0
507,1561838114000,2019-06-29 19:55:14.000,-4.71384256012422,108.454018898602,0
508,1561838214000,2019-06-29 19:56:54.000,-3.12410382698698,110.384156218619,2
509,1561838214000,2019-06-29 19:56:54.000,-3.12410382698698,110.384156218619,2
510,1561838214000,2019-06-29 19:56:54.000,-3.12410382698698,110.384156218619,2
511,1561838243000,2019-06-29 19:57:23.000,-3.84381055370668,109.003385154869,1
512,1561838243000,2019-06-29 19:57:23.000,-3.84381055370668,109.003385154869,1
513,1561838243000,2019-06-29 19:57:23.000,-3.84381055370668,109.003385154869,1
514,1561838466000,2019-06-29 20:01:06.000,-6.67669301138085,106.524613870735,2
515,1561838466000,2019-06-29 20:01:06.000,-6.67669301138085,106.524613870735,2
516,1561838466000,2019-06-29 20:01:06.000,-6.67669301138085,106.524613870735,2
517,1561838865000,2019-06-29 20:07:45.000,-2.84886921327353,108.352170150739,2
518,1561838865000,2019-06-29 20:07:45.000,-2.84886921327353,108.352170150739,2
519,1561838865000,2019-06-29 20:07:45.000,-2.84886921327353,108.352170150739,2
520,1561838876000,2019-06-29 20:07:56.000,-12.9784106870954,110.23958148558,0
521,1561838876000,2019-06-29 20:07:56.000,-12.9784106870954,110.23958148558,0
522,1561838876000,2019-06-29 20:07:56.000,-12.9784106870954,110.23958148558,0
523,1561838890000,2019-06-29 20:08:10.000,-4.64105074307884,108.195967745677,0
524,1561838890000,2019-06-29 20:08:10.000,-4.64105074307884,108.195967745677,0
525,1561838890000,2019-06-29 20:08:10.000,-4.64105074307884,108.195967745677,0
526,1561838975000,2019-06-29 20:09:35.000,-4.00029700268496,107.660113615813,2
527,1561838975000,2019-06-29 20:09:35.000,-4.00029700268496,107.660113615813,2
528,1561838975000,2019-06-29 20:09:35.000,-4.00029700268496,107.660113615813,2
529,1561839059000,2019-06-29 20:10:59.000,-2.26154473088806,111.70988117485,2
530,1561839059000,2019-06-29 20:10:59.000,-2.26154473088806,111.70988117485,2
531,1561839059000,2019-06-29 20:10:59.000,-2.26154473088806,111.70988117485,2
532,1561839240000,2019-06-29 20:14:00.000,-3.91911217651294,109.190362793866,0
533,1561839240000,2019-06-29 20:14:00.000,-3.91911217651294,109.190362793866,0
534,1561839240000,2019-06-29 20:14:00.000,-3.91911217651294,109.190362793866,0
535,1561839364000,2019-06-29 20:16:04.000,-12.0605782296777,110.823576456654,0
536,1561839364000,2019-06-29 20:16:04.000,-12.0605782296777,110.823576456654,0
537,1561839364000,2019-06-29 20:16:04.000,-12.0605782296777,110.823576456654,0
538,1561839575000,2019-06-29 20:19:35.000,-5.64970929925642,105.72619761747,0
539,1561839575000,2019-06-29 20:19:35.000,-5.64970929925642,105.72619761747,0
540,1561839575000,2019-06-29 20:19:35.000,-5.64970929925642,105.72619761747,0
541,1561839611000,2019-06-29 20:20:11.000,-5.33422830657341,106.005636470147,2
542,1561839611000,2019-06-29 20:20:11.000,-5.33422830657341,106.005636470147,2
543,1561839611000,2019-06-29 20:20:11.000,-5.33422830657341,106.005636470147,2
544,1561839650000,2019-06-29 20:20:50.000,-12.8250750992528,111.396955873709,0
545,1561839650000,2019-06-29 20:20:50.000,-12.8250750992528,111.396955873709,0
546,1561839650000,2019-06-29 20:20:50.000,-12.8250750992528,111.396955873709,0
547,1561839861000,2019-06-29 20:24:21.000,-5.34352434014846,108.498433755325,1
548,1561839861000,2019-06-29 20:24:21.000,-4.4472483403756,107.966535583973,0
549,1561839861000,2019-06-29 20:24:21.000,-5.02807715202711,108.836453921424,1
550,1561839861000,2019-06-29 20:24:21.000,-5.34352434014846,108.498433755325,1
551,1561839861000,2019-06-29 20:24:21.000,-4.4472483403756,107.966535583973,0
552,1561839861000,2019-06-29 20:24:21.000,-5.02807715202711,108.836453921424,1
553,1561839861000,2019-06-29 20:24:21.000,-5.34352434014846,108.498433755325,1
554,1561839861000,2019-06-29 20:24:21.000,-4.4472483403756,107.966535583973,0
555,1561839861000,2019-06-29 20:24:21.000,-5.02807715202711,108.836453921424,1
556,1561839871000,2019-06-29 20:24:31.000,-11.3019577036416,110.60337813674,0
557,1561839871000,2019-06-29 20:24:31.000,-11.3019577036416,110.60337813674,0
558,1561839871000,2019-06-29 20:24:31.000,-11.3019577036416,110.60337813674,0
559,1561839934000,2019-06-29 20:25:34.000,-2.3256100914273,108.127205015504,2
560,1561839934000,2019-06-29 20:25:34.000,-2.3256100914273,108.127205015504,2
561,1561839934000,2019-06-29 20:25:34.000,-2.3256100914273,108.127205015504,2
562,1561839940000,2019-06-29 20:25:40.000,-4.81376866529447,108.46318614718,0
563,1561840073000,2019-06-29 20:27:53.000,-12.4218902213181,110.985800957616,2
564,1561840073000,2019-06-29 20:27:53.000,-12.4218902213181,110.985800957616,2
565,1561840073000,2019-06-29 20:27:53.000,-12.4218902213181,110.985800957616,2
566,1561840103000,2019-06-29 20:28:23.000,-4.6573260079416,108.253633541436,0
567,1561840103000,2019-06-29 20:28:23.000,-4.6573260079416,108.253633541436,0
568,1561840103000,2019-06-29 20:28:23.000,-4.6573260079416,108.253633541436,0
569,1561840484000,2019-06-29 20:34:44.000,-3.41213367295765,107.552394604366,0
570,1561840484000,2019-06-29 20:34:44.000,-3.41213367295765,107.552394604366,0
571,1561840484000,2019-06-29 20:34:44.000,-3.41213367295765,107.552394604366,0
572,1561840550000,2019-06-29 20:35:50.000,-4.44468586100186,108.067106343396,2
573,1561840551000,2019-06-29 20:35:51.000,-4.67253231942254,108.263392496733,0
574,1561840550000,2019-06-29 20:35:50.000,-4.44468586100186,108.067106343396,2
575,1561840551000,2019-06-29 20:35:51.000,-4.67253231942254,108.263392496733,0
576,1561840550000,2019-06-29 20:35:50.000,-4.44468586100186,108.067106343396,2
577,1561840551000,2019-06-29 20:35:51.000,-4.67253231942254,108.263392496733,0
578,1561840579000,2019-06-29 20:36:19.000,-2.76920966390568,109.446795499537,2
579,1561840579000,2019-06-29 20:36:19.000,-2.76920966390568,109.446795499537,2
580,1561840579000,2019-06-29 20:36:19.000,-2.76920966390568,109.446795499537,2
581,1561840774000,2019-06-29 20:39:34.000,-3.91297255337003,107.659854975401,0
582,1561840774000,2019-06-29 20:39:34.000,-3.91297255337003,107.659854975401,0
583,1561840774000,2019-06-29 20:39:34.000,-3.91297255337003,107.659854975401,0
584,1561840941000,2019-06-29 20:42:21.000,-4.19987031190998,108.013284776032,2
585,1561840941000,2019-06-29 20:42:21.000,-4.19987031190998,108.013284776032,2
586,1561840941000,2019-06-29 20:42:21.000,-4.19987031190998,108.013284776032,2
587,1561841013000,2019-06-29 20:43:33.000,-5.7766472596117,106.066034562573,2
588,1561841013000,2019-06-29 20:43:33.000,-5.7766472596117,106.066034562573,2
589,1561841013000,2019-06-29 20:43:33.000,-5.7766472596117,106.066034562573,2
590,1561841024000,2019-06-29 20:43:44.000,-5.95424041723401,105.563143162788,0
591,1561841024000,2019-06-29 20:43:44.000,-5.95424041723401,105.563143162788,0
592,1561841024000,2019-06-29 20:43:44.000,-5.95424041723401,105.563143162788,0
593,1561841060000,2019-06-29 20:44:20.000,-3.07135043479962,107.705911317348,2
594,1561841060000,2019-06-29 20:44:20.000,-3.07135043479962,107.705911317348,2
595,1561841060000,2019-06-29 20:44:20.000,-3.07135043479962,107.705911317348,2
596,1561841428000,2019-06-29 20:50:28.000,-5.95686014565954,106.693274718469,1
597,1561841428000,2019-06-29 20:50:28.000,-5.95686014565954,106.693274718469,1
598,1561841428000,2019-06-29 20:50:28.000,-5.95686014565954,106.693274718469,1
599,1561841487000,2019-06-29 20:51:27.000,-3.31401797416284,108.909753293272,0
600,1561841487000,2019-06-29 20:51:27.000,-3.31401797416284,108.909753293272,0
601,1561841487000,2019-06-29 20:51:27.000,-3.31401797416284,108.909753293272,0
602,1561841663000,2019-06-29 20:54:23.000,-3.11007919250307,108.046059049638,0
603,1561841663000,2019-06-29 20:54:23.000,-3.11007919250307,108.046059049638,0
604,1561841663000,2019-06-29 20:54:23.000,-3.11007919250308,108.046059049638,0
605,1561841885000,2019-06-29 20:58:05.000,-5.71080017245673,105.380790825134,1
606,1561841885000,2019-06-29 20:58:05.000,-5.71080017245673,105.380790825134,1
607,1561841885000,2019-06-29 20:58:05.000,-5.71080017245673,105.380790825134,1
608,1561842141000,2019-06-29 21:02:21.000,-3.65811573962712,107.207663542153,0
609,1561842141000,2019-06-29 21:02:21.000,-3.65811573962712,107.207663542153,0
610,1561842141000,2019-06-29 21:02:21.000,-3.65811573962712,107.207663542153,0
611,1561842212000,2019-06-29 21:03:32.000,-5.77007538467732,106.80730232435,2
612,1561842212000,2019-06-29 21:03:32.000,-5.77007538467732,106.80730232435,2
613,1561842212000,2019-06-29 21:03:32.000,-5.77007538467732,106.80730232435,2
614,1561842440000,2019-06-29 21:07:20.000,-3.04879283329774,107.281997162736,2
615,1561842440000,2019-06-29 21:07:20.000,-3.04879283329774,107.281997162736,2
616,1561842440000,2019-06-29 21:07:20.000,-3.04879283329774,107.281997162736,2
617,1561842470000,2019-06-29 21:07:50.000,-4.36251360906213,110.246598497228,2
618,1561842470000,2019-06-29 21:07:50.000,-4.36251360906213,110.246598497228,2
619,1561842470000,2019-06-29 21:07:50.000,-4.36251360906213,110.246598497228,2
620,1561842502000,2019-06-29 21:08:22.000,-6.14690896840269,106.810155746598,0
621,1561842502000,2019-06-29 21:08:22.000,-6.14690896840269,106.810155746598,0
622,1561842502000,2019-06-29 21:08:22.000,-6.14690896840269,106.810155746598,0
623,1561842584000,2019-06-29 21:09:44.000,-4.64564663990633,107.952947389902,0
624,1561842584000,2019-06-29 21:09:44.000,-4.64564663990633,107.952947389902,0
625,1561842584000,2019-06-29 21:09:44.000,-4.64564663990633,107.952947389902,0
626,1561842678000,2019-06-29 21:11:18.000,-5.91290835188734,106.902110381683,0
627,1561842678000,2019-06-29 21:11:18.000,-5.91290835188734,106.902110381683,0
628,1561842678000,2019-06-29 21:11:18.000,-5.91290835188734,106.902110381683,0
629,1561842814000,2019-06-29 21:13:34.000,-5.58874838749112,106.877671914888,0
630,1561842814000,2019-06-29 21:13:34.000,-5.58874838749112,106.877671914888,0
631,1561842814000,2019-06-29 21:13:34.000,-5.58874838749112,106.877671914888,0
632,1561843025000,2019-06-29 21:17:05.000,-12.605321597805,110.746370639215,1
633,1561843025000,2019-06-29 21:17:05.000,-12.605321597805,110.746370639215,1
634,1561843025000,2019-06-29 21:17:05.000,-12.605321597805,110.746370639215,1
635,1561843157000,2019-06-29 21:19:17.000,-4.23470910908288,107.893529388815,0
636,1561843157000,2019-06-29 21:19:17.000,-4.23470910908288,107.893529388815,0
637,1561843157000,2019-06-29 21:19:17.000,-4.23470910908288,107.893529388815,0
638,1561843207000,2019-06-29 21:20:07.000,-4.5448335259814,107.861436172932,0
639,1561843207000,2019-06-29 21:20:07.000,-4.5448335259814,107.861436172932,0
640,1561843207000,2019-06-29 21:20:07.000,-4.5448335259814,107.861436172932,0
641,1561843213000,2019-06-29 21:20:13.000,-3.25096667246948,107.965132502399,0
642,1561843213000,2019-06-29 21:20:13.000,-3.25096667246948,107.965132502399,0
643,1561843213000,2019-06-29 21:20:13.000,-3.25096667246948,107.965132502399,0
644,1561843282000,2019-06-29 21:21:22.000,-5.80848754315713,105.881111226194,0
645,1561843282000,2019-06-29 21:21:22.000,-5.80848754315713,105.881111226194,0
646,1561843282000,2019-06-29 21:21:22.000,-5.80848754315713,105.881111226194,0
647,1561843321000,2019-06-29 21:22:01.000,-4.38762913048377,108.055242815626,0
648,1561843321000,2019-06-29 21:22:01.000,-4.38762913048377,108.055242815626,0
649,1561843321000,2019-06-29 21:22:01.000,-4.38762913048377,108.055242815626,0
650,1561843328000,2019-06-29 21:22:08.000,-6.41127412681649,107.710653634623,0
651,1561843407000,2019-06-29 21:23:27.000,-4.04070592702652,108.365438267151,0
652,1561843407000,2019-06-29 21:23:27.000,-4.04070592702652,108.365438267151,0
653,1561843407000,2019-06-29 21:23:27.000,-4.04070592702652,108.365438267151,0
654,1561843470000,2019-06-29 21:24:30.000,-4.01807355550529,107.963460986682,0
655,1561843470000,2019-06-29 21:24:30.000,-4.01807355550529,107.963460986682,0
656,1561843470000,2019-06-29 21:24:30.000,-4.01807355550529,107.963460986682,0
657,1561843515000,2019-06-29 21:25:15.000,-4.98807093666162,108.173664992735,0
658,1561843515000,2019-06-29 21:25:15.000,-4.98807093666162,108.173664992735,0
659,1561843515000,2019-06-29 21:25:15.000,-4.98807093666162,108.173664992735,0
660,1561843517000,2019-06-29 21:25:17.000,-6.63142968478008,108.157160301213,2
661,1561843517000,2019-06-29 21:25:17.000,-6.63142968478008,108.157160301213,2
662,1561843626000,2019-06-29 21:27:06.000,-5.42182475900386,106.268446474651,2
663,1561843626000,2019-06-29 21:27:06.000,-5.42182475900386,106.268446474651,2
664,1561843626000,2019-06-29 21:27:06.000,-5.42182475900386,106.268446474651,2
665,1561843650000,2019-06-29 21:27:30.000,-4.09117924335495,108.104803952908,0
666,1561843650000,2019-06-29 21:27:30.000,-4.09117924335495,108.104803952908,0
667,1561843650000,2019-06-29 21:27:30.000,-4.09117924335495,108.104803952908,0
668,1561843682000,2019-06-29 21:28:02.000,-4.12514027060973,107.82989721443,0
669,1561843682000,2019-06-29 21:28:02.000,-4.12514027060973,107.82989721443,0
670,1561843682000,2019-06-29 21:28:02.000,-4.12514027060973,107.82989721443,0
671,1561843686000,2019-06-29 21:28:06.000,-3.99905086159298,107.841009272728,0
672,1561843686000,2019-06-29 21:28:06.000,-3.99905086159298,107.841009272728,0
673,1561843686000,2019-06-29 21:28:06.000,-3.99905086159298,107.841009272728,0
674,1561843761000,2019-06-29 21:29:21.000,-5.87885820462793,106.622035087033,2
675,1561843761000,2019-06-29 21:29:21.000,-5.87885820462793,106.622035087033,2
676,1561843761000,2019-06-29 21:29:21.000,-5.87885820462793,106.622035087033,2
677,1561843804000,2019-06-29 21:30:04.000,-4.78352671187116,108.259094051913,0
678,1561843804000,2019-06-29 21:30:04.000,-4.78352671187116,108.259094051913,0
679,1561843804000,2019-06-29 21:30:04.000,-4.78352671187116,108.259094051913,0
680,1561843913000,2019-06-29 21:31:53.000,-5.86613027931399,106.213364377352,0
681,1561843913000,2019-06-29 21:31:53.000,-5.86613027931399,106.213364377352,0
682,1561843913000,2019-06-29 21:31:53.000,-5.86613027931399,106.213364377352,0
683,1561843924000,2019-06-29 21:32:04.000,-1.88081136779968,109.277557836136,2
684,1561843924000,2019-06-29 21:32:04.000,-1.88081136779968,109.277557836136,2
685,1561843924000,2019-06-29 21:32:04.000,-1.88081136779968,109.277557836136,2
686,1561843987000,2019-06-29 21:33:07.000,-4.7567430690541,108.218030912264,2
687,1561843987000,2019-06-29 21:33:07.000,-4.7567430690541,108.218030912264,2
688,1561843987000,2019-06-29 21:33:07.000,-4.7567430690541,108.218030912264,2
689,1561844032000,2019-06-29 21:33:52.000,-3.96101502553473,108.595874613036,0
690,1561844128000,2019-06-29 21:35:28.000,-6.02732276973182,106.76873958961,2
691,1561844128000,2019-06-29 21:35:28.000,-6.02732276973182,106.76873958961,2
692,1561844128000,2019-06-29 21:35:28.000,-6.02732276973182,106.76873958961,2
693,1561844278000,2019-06-29 21:37:58.000,-3.95320142364041,108.503604275123,2
694,1561844278000,2019-06-29 21:37:58.000,-3.95320142364041,108.503604275123,2
695,1561844278000,2019-06-29 21:37:58.000,-3.95320142364041,108.503604275123,2
696,1561844310000,2019-06-29 21:38:30.000,-3.95499343529082,108.105746002776,2
697,1561844310000,2019-06-29 21:38:30.000,-3.95499343529082,108.105746002776,2
698,1561844310000,2019-06-29 21:38:30.000,-3.95499343529082,108.105746002776,2
699,1561844361000,2019-06-29 21:39:21.000,-4.10651350054237,108.078952161449,0
700,1561844361000,2019-06-29 21:39:21.000,-4.10651350054237,108.078952161449,0
701,1561844361000,2019-06-29 21:39:21.000,-4.10651350054237,108.078952161449,0
702,1561844365000,2019-06-29 21:39:25.000,-3.9248924428453,108.159641465267,2
703,1561844365000,2019-06-29 21:39:25.000,-3.9248924428453,108.159641465267,2
704,1561844365000,2019-06-29 21:39:25.000,-3.9248924428453,108.159641465267,2
705,1561844374000,2019-06-29 21:39:34.000,-6.01753092498555,106.441401964987,0
706,1561844374000,2019-06-29 21:39:34.000,-6.01753092498555,106.441401964987,0
707,1561844374000,2019-06-29 21:39:34.000,-6.01753092498555,106.441401964987,0
708,1561844406000,2019-06-29 21:40:06.000,-3.60652398609747,110.111826311952,2
709,1561844406000,2019-06-29 21:40:06.000,-3.60652398609747,110.111826311952,2
710,1561844406000,2019-06-29 21:40:06.000,-3.60652398609747,110.111826311952,2
711,1561844435000,2019-06-29 21:40:35.000,-4.77246327709837,108.259378346259,0
712,1561844435000,2019-06-29 21:40:35.000,-4.77246327709837,108.259378346259,0
713,1561844435000,2019-06-29 21:40:35.000,-4.77246327709837,108.259378346259,0
714,1561844449000,2019-06-29 21:40:49.000,-3.85066558141502,108.32083146768,0
715,1561844449000,2019-06-29 21:40:49.000,-3.85066558141502,108.32083146768,0
716,1561844449000,2019-06-29 21:40:49.000,-3.85066558141502,108.32083146768,0
717,1561844486000,2019-06-29 21:41:26.000,-4.76493780710929,108.254379966204,0
718,1561844486000,2019-06-29 21:41:26.000,-4.76493780710929,108.254379966204,0
719,1561844486000,2019-06-29 21:41:26.000,-4.76493780710929,108.254379966204,0
720,1561844548000,2019-06-29 21:42:28.000,-4.9479887791466,108.228237988332,2
721,1561844548000,2019-06-29 21:42:28.000,-4.9479887791466,108.228237988332,2
722,1561844548000,2019-06-29 21:42:28.000,-4.9479887791466,108.228237988332,2
723,1561844605000,2019-06-29 21:43:25.000,-4.47496892337572,108.153049301197,2
724,1561844605000,2019-06-29 21:43:25.000,-4.57153934024695,108.392946705666,0
725,1561844605000,2019-06-29 21:43:25.000,-4.47496892337572,108.153049301197,2
726,1561844605000,2019-06-29 21:43:25.000,-4.57153934024695,108.392946705666,0
727,1561844605000,2019-06-29 21:43:25.000,-4.47496892337572,108.153049301197,2
728,1561844605000,2019-06-29 21:43:25.000,-4.57153934024695,108.392946705666,0
729,1561844610000,2019-06-29 21:43:30.000,-4.58129233035391,108.204845024889,0
730,1561844610000,2019-06-29 21:43:30.000,-4.58129233035391,108.204845024889,0
731,1561844610000,2019-06-29 21:43:30.000,-4.58129233035391,108.204845024889,0
732,1561844658000,2019-06-29 21:44:18.000,-4.56243613094774,108.200747513822,0
733,1561844658000,2019-06-29 21:44:18.000,-4.56243613094774,108.200747513822,0
734,1561844658000,2019-06-29 21:44:18.000,-4.56243613094774,108.200747513822,0
735,1561844685000,2019-06-29 21:44:45.000,-4.47104956906864,108.350029728569,0
736,1561844685000,2019-06-29 21:44:45.000,-4.47104956906864,108.350029728569,0
737,1561844685000,2019-06-29 21:44:45.000,-4.47104956906864,108.350029728569,0
738,1561844716000,2019-06-29 21:45:16.000,-4.65686315468551,108.23774441316,1
739,1561844716000,2019-06-29 21:45:16.000,-4.65686315468551,108.23774441316,1
740,1561844716000,2019-06-29 21:45:16.000,-4.65686315468551,108.23774441316,1
741,1561844925000,2019-06-29 21:48:45.000,-5.04784090229387,108.321557048295,2
742,1561844925000,2019-06-29 21:48:45.000,-5.04784090229387,108.321557048295,2
743,1561844925000,2019-06-29 21:48:45.000,-5.04784090229387,108.321557048295,2
744,1561844942000,2019-06-29 21:49:02.000,-3.61222498704982,110.009589088755,2
745,1561844942000,2019-06-29 21:49:02.000,-3.61222498704982,110.009589088755,2
746,1561844942000,2019-06-29 21:49:02.000,-3.61222498704982,110.009589088755,2
747,1561844945000,2019-06-29 21:49:05.000,-4.52917383241297,107.928731589812,1
748,1561844945000,2019-06-29 21:49:05.000,-4.52917383241297,107.928731589812,1
749,1561844945000,2019-06-29 21:49:05.000,-4.52917383241297,107.928731589812,1
750,1561844990000,2019-06-29 21:49:50.000,-4.05561948499155,108.969867229042,1
751,1561844990000,2019-06-29 21:49:50.000,-4.05561948499155,108.969867229042,1
752,1561844990000,2019-06-29 21:49:50.000,-4.05561948499155,108.969867229042,1
753,1561845005000,2019-06-29 21:50:05.000,-4.53765785217685,107.994762068319,0
754,1561845005000,2019-06-29 21:50:05.000,-5.03806477791621,108.463706440427,2
755,1561845005000,2019-06-29 21:50:05.000,-4.53765785217685,107.994762068319,0
756,1561845005000,2019-06-29 21:50:05.000,-5.03806477791621,108.463706440427,2
757,1561845005000,2019-06-29 21:50:05.000,-4.53765785217685,107.994762068319,0
758,1561845005000,2019-06-29 21:50:05.000,-5.03806477791621,108.463706440427,2
759,1561845026000,2019-06-29 21:50:26.000,-5.19862143157991,108.516177627061,2
760,1561845026000,2019-06-29 21:50:26.000,-5.19862143157991,108.516177627061,2
761,1561845026000,2019-06-29 21:50:26.000,-5.19862143157991,108.516177627061,2
762,1561845071000,2019-06-29 21:51:11.000,-4.99158099356964,108.199191475569,0
763,1561845072000,2019-06-29 21:51:12.000,-4.64391022293198,108.999147747824,0
764,1561845071000,2019-06-29 21:51:11.000,-4.99158099356964,108.199191475569,0
765,1561845072000,2019-06-29 21:51:12.000,-4.64391022293198,108.999147747824,0
766,1561845071000,2019-06-29 21:51:11.000,-4.99158099356964,108.199191475569,0
767,1561845072000,2019-06-29 21:51:12.000,-4.64391022293198,108.999147747824,0
768,1561845087000,2019-06-29 21:51:27.000,-4.79340894625206,108.326061759856,1
769,1561845087000,2019-06-29 21:51:27.000,-4.79340894625206,108.326061759856,1
770,1561845087000,2019-06-29 21:51:27.000,-4.79340894625206,108.326061759856,1
771,1561845170000,2019-06-29 21:52:50.000,-4.48919954038037,109.154098069442,2
772,1561845170000,2019-06-29 21:52:50.000,-4.48919954038037,109.154098069442,2
773,1561845170000,2019-06-29 21:52:50.000,-4.48919954038037,109.154098069442,2
774,1561845193000,2019-06-29 21:53:13.000,-5.81690269744064,106.358892826723,2
775,1561845193000,2019-06-29 21:53:13.000,-5.81690269744064,106.358892826723,2
776,1561845193000,2019-06-29 21:53:13.000,-5.81690269744064,106.358892826723,2
777,1561845219000,2019-06-29 21:53:39.000,-4.92091442930352,108.314009846183,0
778,1561845219000,2019-06-29 21:53:39.000,-4.92091442930352,108.314009846183,0
779,1561845219000,2019-06-29 21:53:39.000,-4.92091442930352,108.314009846183,0
780,1561845281000,2019-06-29 21:54:41.000,-3.48498224695648,110.29462,2
781,1561845281000,2019-06-29 21:54:41.000,-3.48498224695648,110.29462,2
782,1561845281000,2019-06-29 21:54:41.000,-3.48498224695648,110.29462,2
783,1561845309000,2019-06-29 21:55:09.000,-4.75616447374474,108.317074305803,2
784,1561845309000,2019-06-29 21:55:09.000,-4.75616447374474,108.317074305803,2
785,1561845309000,2019-06-29 21:55:09.000,-4.75616447374474,108.317074305803,2
786,1561845353000,2019-06-29 21:55:53.000,-4.72141300604068,108.494645748798,0
787,1561845353000,2019-06-29 21:55:53.000,-4.72141300604068,108.494645748798,0
788,1561845353000,2019-06-29 21:55:53.000,-4.72141300604068,108.494645748798,0
789,1561845389000,2019-06-29 21:56:29.000,-4.34836823574167,108.619277564257,0
790,1561845389000,2019-06-29 21:56:29.000,-4.34836823574167,108.619277564257,0
791,1561845389000,2019-06-29 21:56:29.000,-4.34836823574167,108.619277564257,0
792,1561845487000,2019-06-29 21:58:07.000,-3.00827395709366,110.62868343052,1
793,1561845487000,2019-06-29 21:58:07.000,-3.00827395709366,110.62868343052,1
794,1561845487000,2019-06-29 21:58:07.000,-3.00827395709366,110.62868343052,1
795,1561845503000,2019-06-29 21:58:23.000,-4.47100462779116,108.12585789176,0
796,1561845503000,2019-06-29 21:58:23.000,-4.47100462779116,108.12585789176,0
797,1561845503000,2019-06-29 21:58:23.000,-4.47100462779116,108.12585789176,0
798,1561845510000,2019-06-29 21:58:30.000,-4.59695263493236,108.036065317196,0
799,1561845510000,2019-06-29 21:58:30.000,-4.59695263493236,108.036065317196,0
800,1561845510000,2019-06-29 21:58:30.000,-4.59695263493236,108.036065317196,0
801,1561845615000,2019-06-29 22:00:15.000,-4.97759442192143,108.424107733484,2
802,1561845615000,2019-06-29 22:00:15.000,-4.97759442192143,108.424107733484,2
803,1561845615000,2019-06-29 22:00:15.000,-4.97759442192143,108.424107733484,2
804,1561845667000,2019-06-29 22:01:07.000,-4.2424545786868,108.568455014446,0
805,1561845667000,2019-06-29 22:01:07.000,-4.2424545786868,108.568455014446,0
806,1561845667000,2019-06-29 22:01:07.000,-4.2424545786868,108.568455014446,0
807,1561845806000,2019-06-29 22:03:26.000,-4.58483602277795,107.838282227427,0
808,1561845806000,2019-06-29 22:03:26.000,-4.58483602277795,107.838282227427,0
809,1561845806000,2019-06-29 22:03:26.000,-4.58483602277795,107.838282227427,0
810,1561846117000,2019-06-29 22:08:37.000,-4.53003366203099,107.80591913867,0
811,1561846117000,2019-06-29 22:08:37.000,-4.53003366203099,107.80591913867,0
812,1561846117000,2019-06-29 22:08:37.000,-4.53003366203099,107.80591913867,0
813,1561846339000,2019-06-29 22:12:19.000,-4.15297890224375,108.071851169794,2
814,1561846339000,2019-06-29 22:12:19.000,-4.15297890224375,108.071851169794,2
815,1561846339000,2019-06-29 22:12:19.000,-4.15297890224375,108.071851169794,2
816,1561846342000,2019-06-29 22:12:22.000,-4.00240956131374,108.613990666807,2
817,1561846342000,2019-06-29 22:12:22.000,-4.00240956131374,108.613990666807,2
818,1561846342000,2019-06-29 22:12:22.000,-4.00240956131374,108.613990666807,2
819,1561846360000,2019-06-29 22:12:40.000,-5.07193015022585,105.241658837811,2
820,1561846360000,2019-06-29 22:12:40.000,-5.07193015022585,105.241658837811,2
821,1561846360000,2019-06-29 22:12:40.000,-5.07193015022585,105.241658837811,2
822,1561846385000,2019-06-29 22:13:05.000,-4.77859365469444,108.186185948334,0
823,1561846386000,2019-06-29 22:13:06.000,-4.0404361661778,108.066363674719,2
824,1561846385000,2019-06-29 22:13:05.000,-4.77859365469444,108.186185948334,0
825,1561846386000,2019-06-29 22:13:06.000,-4.04043616617779,108.066363674719,2
826,1561846385000,2019-06-29 22:13:05.000,-4.77859365469444,108.186185948334,0
827,1561846386000,2019-06-29 22:13:06.000,-4.04043616617779,108.066363674719,2
828,1561846420000,2019-06-29 22:13:40.000,-4.7787285078683,108.201877689853,2
829,1561846420000,2019-06-29 22:13:40.000,-4.77872850786829,108.201877689853,2
830,1561846420000,2019-06-29 22:13:40.000,-4.77872850786829,108.201877689853,2
831,1561846423000,2019-06-29 22:13:43.000,-3.8922652122235,108.889696026891,0
832,1561846423000,2019-06-29 22:13:43.000,-3.8922652122235,108.889696026891,0
833,1561846423000,2019-06-29 22:13:43.000,-3.8922652122235,108.889696026891,0
834,1561846488000,2019-06-29 22:14:48.000,-4.35291781915098,110.5418117305,0
835,1561846488000,2019-06-29 22:14:48.000,-4.35291781915098,110.5418117305,0
836,1561846488000,2019-06-29 22:14:48.000,-4.35291781915098,110.5418117305,0
837,1561846544000,2019-06-29 22:15:44.000,-4.60864477746169,108.436942145658,0
838,1561846544000,2019-06-29 22:15:44.000,-4.60864477746169,108.436942145658,0
839,1561846544000,2019-06-29 22:15:44.000,-4.60864477746169,108.436942145658,0
840,1561846742000,2019-06-29 22:19:02.000,-3.68289483434285,108.700940902145,2
841,1561846742000,2019-06-29 22:19:02.000,-3.68289483434285,108.700940902145,2
842,1561846742000,2019-06-29 22:19:02.000,-3.68289483434285,108.700940902145,2
843,1561846855000,2019-06-29 22:20:55.000,-4.17752606193544,107.706230029748,0
844,1561846855000,2019-06-29 22:20:55.000,-4.17752606193544,107.706230029748,0
845,1561846855000,2019-06-29 22:20:55.000,-4.17752606193544,107.706230029748,0
846,1561846985000,2019-06-29 22:23:05.000,-4.62382694282488,108.255635602821,2
847,1561846985000,2019-06-29 22:23:05.000,-4.61719574041024,108.351704495156,2
848,1561846985000,2019-06-29 22:23:05.000,-4.62382694282488,108.255635602821,2
849,1561846985000,2019-06-29 22:23:05.000,-4.61719574041024,108.351704495156,2
850,1561846985000,2019-06-29 22:23:05.000,-4.62382694282488,108.255635602821,2
851,1561846985000,2019-06-29 22:23:05.000,-4.61719574041024,108.351704495156,2
852,1561847234000,2019-06-29 22:27:14.000,-2.71351590273359,108.803561577597,0
853,1561847234000,2019-06-29 22:27:14.000,-2.71351590273359,108.803561577597,0
854,1561847234000,2019-06-29 22:27:14.000,-2.71351590273359,108.803561577597,0
855,1561847619000,2019-06-29 22:33:39.000,-4.70347623991279,108.418541039882,2
856,1561847619000,2019-06-29 22:33:39.000,-4.70347623991279,108.418541039882,2
857,1561847619000,2019-06-29 22:33:39.000,-4.70347623991279,108.418541039882,2
858,1561847682000,2019-06-29 22:34:42.000,-6.1126788819956,106.84709478566,0
859,1561847682000,2019-06-29 22:34:42.000,-6.1126788819956,106.84709478566,0
860,1561847682000,2019-06-29 22:34:42.000,-6.1126788819956,106.84709478566,0
861,1561851108000,2019-06-29 23:31:48.000,-2.91614237893,110.388096911033,2
862,1561851108000,2019-06-29 23:31:48.000,-2.91614237893,110.388096911033,2
863,1561851108000,2019-06-29 23:31:48.000,-2.91614237893,110.388096911033,2
864,1561851240000,2019-06-29 23:34:00.000,-2.86578944945762,109.924841114796,2
865,1561851240000,2019-06-29 23:34:00.000,-2.86578944945762,109.924841114796,2
866,1561851240000,2019-06-29 23:34:00.000,-2.86578944945762,109.924841114796,2
867,1561851493000,2019-06-29 23:38:13.000,-2.67385369865186,109.946442466222,0
868,1561851493000,2019-06-29 23:38:13.000,-2.67385369865186,109.946442466222,0
869,1561851493000,2019-06-29 23:38:13.000,-2.67385369865186,109.946442466222,0
870,1561851667000,2019-06-29 23:41:07.000,-4.7391302963678,110.907203128488,2
871,1561851667000,2019-06-29 23:41:07.000,-4.7391302963678,110.907203128488,2
872,1561851667000,2019-06-29 23:41:07.000,-4.7391302963678,110.907203128488,2
873,1561851791000,2019-06-29 23:43:11.000,-3.43364293368376,110.134839323734,0
874,1561851791000,2019-06-29 23:43:11.000,-3.43364293368376,110.134839323734,0
875,1561851791000,2019-06-29 23:43:11.000,-3.43364293368376,110.134839323734,0
876,1561851871000,2019-06-29 23:44:31.000,-3.26378707249667,109.682835014368,0
877,1561851871000,2019-06-29 23:44:31.000,-3.26378707249667,109.682835014368,0
878,1561851871000,2019-06-29 23:44:31.000,-3.26378707249667,109.682835014368,0
879,1561852239000,2019-06-29 23:50:39.000,-1.68697461860297,109.933406679189,2
880,1561852239000,2019-06-29 23:50:39.000,-1.68697461860297,109.933406679189,2
881,1561852239000,2019-06-29 23:50:39.000,-1.68697461860297,109.933406679189,2
882,1561852379000,2019-06-29 23:52:59.000,-2.7943026637094,109.910782181624,2
883,1561852379000,2019-06-29 23:52:59.000,-2.7943026637094,109.910782181624,2
884,1561852379000,2019-06-29 23:52:59.000,-2.7943026637094,109.910782181624,2
885,1561854115000,2019-06-30 00:21:55.000,-2.18795382052617,108.912545804002,1
886,1561854115000,2019-06-30 00:21:55.000,-2.18795382052617,108.912545804002,1
887,1561854115000,2019-06-30 00:21:55.000,-2.18795382052617,108.912545804002,1
888,1561854210000,2019-06-30 00:23:30.000,-2.35078286746641,108.480132700386,0
889,1561854210000,2019-06-30 00:23:30.000,-2.35078286746641,108.480132700386,0
890,1561854210000,2019-06-30 00:23:30.000,-2.35078286746641,108.480132700386,0
891,1561854318000,2019-06-30 00:25:18.000,-4.56608517409511,108.195088563848,2
892,1561854318000,2019-06-30 00:25:18.000,-4.56608517409511,108.195088563848,2
893,1561854915000,2019-06-30 00:35:15.000,-3.00213926894182,107.700840323929,2
894,1561854915000,2019-06-30 00:35:15.000,-3.00213926894182,107.700840323929,2
895,1561854915000,2019-06-30 00:35:15.000,-3.00213926894182,107.700840323929,2
896,1561855008000,2019-06-30 00:36:48.000,-4.14238630672921,107.804280781584,0
897,1561855008000,2019-06-30 00:36:48.000,-4.14238630672921,107.804280781584,0
898,1561855008000,2019-06-30 00:36:48.000,-4.14238630672921,107.804280781584,0
899,1561857602000,2019-06-30 01:20:02.000,-2.56468742993555,111.978184522303,0
900,1561857602000,2019-06-30 01:20:02.000,-2.56468742993555,111.978184522303,0
901,1561857602000,2019-06-30 01:20:02.000,-2.56468742993555,111.978184522303,0
902,1561860237000,2019-06-30 02:03:57.000,-5.54575926333009,105.266479568547,2
903,1561860237000,2019-06-30 02:03:57.000,-5.54575926333009,105.266479568547,2
904,1561860237000,2019-06-30 02:03:57.000,-5.54575926333009,105.266479568547,2
905,1561861234000,2019-06-30 02:20:34.000,-2.89698273051534,111.138679873807,2
906,1561861234000,2019-06-30 02:20:34.000,-2.99409768079608,110.781292511703,1
907,1561861234000,2019-06-30 02:20:34.000,-3.97031934803506,111.413378175232,1
908,1561861234000,2019-06-30 02:20:34.000,-3.89296082779069,110.954789631813,1
909,1561861234000,2019-06-30 02:20:34.000,-4.06185617593669,111.60986552313,1
910,1561861234000,2019-06-30 02:20:34.000,-3.83853774407668,110.377515418849,1
911,1561861235000,2019-06-30 02:20:35.000,-3.91420794426477,111.07031715342,1
912,1561861235000,2019-06-30 02:20:35.000,-3.90760404853891,111.036403579961,1
913,1561861235000,2019-06-30 02:20:35.000,-3.8688033446815,110.790744384287,1
914,1561861235000,2019-06-30 02:20:35.000,-3.98126956825035,111.352656467109,1
915,1561861235000,2019-06-30 02:20:35.000,-3.43391458223148,112.361620535568,1
916,1561861235000,2019-06-30 02:20:35.000,-3.9794336527265,111.345993071405,1
917,1561861235000,2019-06-30 02:20:35.000,-3.51236311344961,112.520006805176,1
918,1561861235000,2019-06-30 02:20:35.000,-3.40905717597819,112.308210220929,1
919,1561861235000,2019-06-30 02:20:35.000,-3.96888213414495,111.341686319857,1
920,1561861234000,2019-06-30 02:20:34.000,-2.89698273051534,111.138679873807,2
921,1561861234000,2019-06-30 02:20:34.000,-2.99409768079608,110.781292511703,1
922,1561861234000,2019-06-30 02:20:34.000,-3.97031934803506,111.413378175232,1
923,1561861234000,2019-06-30 02:20:34.000,-3.89296082779069,110.954789631813,1
924,1561861234000,2019-06-30 02:20:34.000,-4.06185617593669,111.60986552313,1
925,1561861234000,2019-06-30 02:20:34.000,-3.83853774407668,110.377515418849,1
926,1561861235000,2019-06-30 02:20:35.000,-3.91420794426477,111.07031715342,1
927,1561861235000,2019-06-30 02:20:35.000,-3.90760404853891,111.036403579961,1
928,1561861235000,2019-06-30 02:20:35.000,-3.8688033446815,110.790744384287,1
929,1561861235000,2019-06-30 02:20:35.000,-3.98126956825035,111.352656467109,1
930,1561861235000,2019-06-30 02:20:35.000,-3.43391458223148,112.361620535568,1
931,1561861235000,2019-06-30 02:20:35.000,-3.9794336527265,111.345993071405,1
932,1561861235000,2019-06-30 02:20:35.000,-3.51236311344961,112.520006805176,1
933,1561861235000,2019-06-30 02:20:35.000,-3.40905717597819,112.308210220929,1
934,1561861235000,2019-06-30 02:20:35.000,-3.96888213414495,111.341686319857,1
935,1561861235000,2019-06-30 02:20:35.000,-3.84819335875226,110.68865227513,1
936,1561861235000,2019-06-30 02:20:35.000,-3.8565141608651,110.680888816413,1
937,1561861235000,2019-06-30 02:20:35.000,-3.2478568861686,111.91068994926,1
938,1561861235000,2019-06-30 02:20:35.000,-3.89646176279381,110.975221137717,1
939,1561861235000,2019-06-30 02:20:35.000,-3.84382772288031,110.515577533939,1
940,1561861235000,2019-06-30 02:20:35.000,-3.90631870188147,111.02961413092,1
941,1561861235000,2019-06-30 02:20:35.000,-3.91021018614008,111.049975804557,1
942,1561861235000,2019-06-30 02:20:35.000,-3.25351028132838,111.926535633413,1
943,1561861235000,2019-06-30 02:20:35.000,-3.87514102103993,110.838691749777,1
944,1561861235000,2019-06-30 02:20:35.000,-3.8376718891676,110.29462,1
945,1561861235000,2019-06-30 02:20:35.000,-3.27963157294872,111.997597392946,1
946,1561861235000,2019-06-30 02:20:35.000,-3.86383638518863,110.749588530452,1
947,1561861235000,2019-06-30 02:20:35.000,-3.91420794426477,111.07031715342,1
948,1561861235000,2019-06-30 02:20:35.000,-3.96866195571773,111.305947381717,1
949,1561861235000,2019-06-30 02:20:35.000,-3.31931959708978,112.099510883477,1
950,1561861235000,2019-06-30 02:20:35.000,-3.87235333689918,110.818152228941,1
951,1561861235000,2019-06-30 02:20:35.000,-3.91556412811949,111.077092991796,1
952,1561861235000,2019-06-30 02:20:35.000,-3.88309882889462,110.893390735761,1
953,1561861236000,2019-06-30 02:20:36.000,-3.06479551537128,110.509027024589,2
954,1561861236000,2019-06-30 02:20:36.000,-3.15623401123818,111.245133277963,1
955,1561861236000,2019-06-30 02:20:36.000,-3.09920738795975,110.903398809261,1
956,1561861236000,2019-06-30 02:20:36.000,-3.32219794809263,111.849575508106,1
957,1561861236000,2019-06-30 02:20:36.000,-3.06310863999517,110.121424843226,1
958,1561861236000,2019-06-30 02:20:36.000,-3.06597979850404,110.055493338888,1
959,1561861236000,2019-06-30 02:20:36.000,-3.07579481046419,110.681906324215,1
960,1561861236000,2019-06-30 02:20:36.000,-3.07001791498044,110.393416364605,1
961,1561861236000,2019-06-30 02:20:36.000,-3.08480830712976,110.681174954125,1
962,1561861236000,2019-06-30 02:20:36.000,-3.15295296519776,111.228959502474,1
963,1561861236000,2019-06-30 02:20:36.000,-3.13014303016738,111.107313919605,1
964,1561861236000,2019-06-30 02:20:36.000,-3.06029434612707,110.236877019159,1
965,1561861236000,2019-06-30 02:20:36.000,-3.06729316160666,110.558459872717,1
966,1561861236000,2019-06-30 02:20:36.000,-3.06226871731389,110.443081634601,1
967,1561861236000,2019-06-30 02:20:36.000,-3.05994252051516,110.29462,1
968,1561861236000,2019-06-30 02:20:36.000,-3.08841241314713,110.813293793412,1
969,1561861236000,2019-06-30 02:20:36.000,-3.06824043069438,110.574931449814,1
970,1561861234000,2019-06-30 02:20:34.000,-2.89698273051534,111.138679873807,2
971,1561861234000,2019-06-30 02:20:34.000,-2.99409768079608,110.781292511703,1
972,1561861234000,2019-06-30 02:20:34.000,-3.97031934803506,111.413378175232,1
973,1561861234000,2019-06-30 02:20:34.000,-3.89296082779069,110.954789631813,1
974,1561861234000,2019-06-30 02:20:34.000,-4.06185617593669,111.60986552313,1
975,1561861234000,2019-06-30 02:20:34.000,-3.83853774407668,110.377515418849,1
976,1561861235000,2019-06-30 02:20:35.000,-3.91420794426477,111.07031715342,1
977,1561861235000,2019-06-30 02:20:35.000,-3.90760404853891,111.036403579961,1
978,1561861235000,2019-06-30 02:20:35.000,-3.8688033446815,110.790744384287,1
979,1561861235000,2019-06-30 02:20:35.000,-3.98126956825035,111.352656467109,1
980,1561861235000,2019-06-30 02:20:35.000,-3.43391458223148,112.361620535568,1
981,1561861235000,2019-06-30 02:20:35.000,-3.96888213414495,111.341686319857,1
982,1561861235000,2019-06-30 02:20:35.000,-3.84819335875226,110.68865227513,1
983,1561861235000,2019-06-30 02:20:35.000,-3.8565141608651,110.680888816413,1
984,1561861235000,2019-06-30 02:20:35.000,-3.2478568861686,111.91068994926,1
985,1561861235000,2019-06-30 02:20:35.000,-3.89646176279381,110.975221137717,1
986,1561861235000,2019-06-30 02:20:35.000,-3.84382772288031,110.515577533939,1
987,1561861235000,2019-06-30 02:20:35.000,-3.90631870188147,111.02961413092,1
988,1561861235000,2019-06-30 02:20:35.000,-3.91021018614008,111.049975804557,1
989,1561861235000,2019-06-30 02:20:35.000,-3.25351028132838,111.926535633413,1
990,1561861235000,2019-06-30 02:20:35.000,-3.87514102103993,110.838691749777,1
991,1561861235000,2019-06-30 02:20:35.000,-3.8376718891676,110.29462,1
992,1561861235000,2019-06-30 02:20:35.000,-3.27963157294872,111.997597392946,1
993,1561861235000,2019-06-30 02:20:35.000,-3.86383638518863,110.749588530452,1
994,1561861235000,2019-06-30 02:20:35.000,-3.91420794426477,111.07031715342,1
995,1561861235000,2019-06-30 02:20:35.000,-3.96866195571773,111.305947381717,1
996,1561861235000,2019-06-30 02:20:35.000,-3.31931959708978,112.099510883477,1
997,1561861235000,2019-06-30 02:20:35.000,-3.87235333689918,110.818152228941,1
998,1561861235000,2019-06-30 02:20:35.000,-3.91556412811949,111.077092991796,1
999,1561861235000,2019-06-30 02:20:35.000,-3.88309882889462,110.893390735761,1
1000,1561861236000,2019-06-30 02:20:36.000,-3.06479551537128,110.509027024589,2
1001,1561861236000,2019-06-30 02:20:36.000,-3.09920738795975,110.903398809261,1
1002,1561861236000,2019-06-30 02:20:36.000,-3.32219794809263,111.849575508106,1
1003,1561861236000,2019-06-30 02:20:36.000,-3.06310863999517,110.121424843226,1
1004,1561861236000,2019-06-30 02:20:36.000,-3.06597979850404,110.055493338888,1
1005,1561861236000,2019-06-30 02:20:36.000,-3.07579481046419,110.681906324215,1
1006,1561861236000,2019-06-30 02:20:36.000,-3.07001791498044,110.393416364605,1
1007,1561861236000,2019-06-30 02:20:36.000,-3.08480830712976,110.681174954125,1
1008,1561861236000,2019-06-30 02:20:36.000,-3.15295296519776,111.228959502474,1
1009,1561861236000,2019-06-30 02:20:36.000,-3.13014303016738,111.107313919605,1
1010,1561861236000,2019-06-30 02:20:36.000,-3.06029434612707,110.236877019159,1
1011,1561861236000,2019-06-30 02:20:36.000,-3.06729316160666,110.558459872717,1
1012,1561861236000,2019-06-30 02:20:36.000,-3.06226871731389,110.443081634601,1
1013,1561861236000,2019-06-30 02:20:36.000,-3.05994252051516,110.29462,1
1014,1561861236000,2019-06-30 02:20:36.000,-3.08841241314713,110.813293793412,1
1015,1561861236000,2019-06-30 02:20:36.000,-3.06824043069438,110.574931449814,1
1016,1561861238000,2019-06-30 02:20:38.000,-3.10351278204992,110.687887029,2
1017,1561861238000,2019-06-30 02:20:38.000,-3.087329842034,110.3438338987,1
1018,1561861238000,2019-06-30 02:20:38.000,-3.09266910603958,110.065040609598,1
1019,1561861238000,2019-06-30 02:20:38.000,-3.21092969545903,111.367982654361,1
1020,1561861235000,2019-06-30 02:20:35.000,-3.84819335875226,110.68865227513,1
1021,1561861235000,2019-06-30 02:20:35.000,-3.25351028132838,111.926535633413,1
1022,1561861235000,2019-06-30 02:20:35.000,-3.87514102103993,110.838691749777,1
1023,1561861235000,2019-06-30 02:20:35.000,-3.8376718891676,110.29462,1
1024,1561861235000,2019-06-30 02:20:35.000,-3.27963157294872,111.997597392946,1
1025,1561861235000,2019-06-30 02:20:35.000,-3.86383638518863,110.749588530452,1
1026,1561861235000,2019-06-30 02:20:35.000,-3.91420794426477,111.07031715342,1
1027,1561861235000,2019-06-30 02:20:35.000,-3.96866195571773,111.305947381717,1
1028,1561861235000,2019-06-30 02:20:35.000,-3.31931959708978,112.099510883477,1
1029,1561861235000,2019-06-30 02:20:35.000,-3.87235333689918,110.818152228941,1
1030,1561861235000,2019-06-30 02:20:35.000,-3.91556412811949,111.077092991796,1
1031,1561861235000,2019-06-30 02:20:35.000,-3.88309882889462,110.893390735761,1
1032,1561861236000,2019-06-30 02:20:36.000,-3.06479551537128,110.509027024589,2
1033,1561861236000,2019-06-30 02:20:36.000,-3.15623401123818,111.245133277963,1
1034,1561861236000,2019-06-30 02:20:36.000,-3.09920738795975,110.903398809261,1
1035,1561861236000,2019-06-30 02:20:36.000,-3.32219794809263,111.849575508106,1
1036,1561861236000,2019-06-30 02:20:36.000,-3.06310863999517,110.121424843226,1
1037,1561861236000,2019-06-30 02:20:36.000,-3.06597979850404,110.055493338888,1
1038,1561861236000,2019-06-30 02:20:36.000,-3.07579481046419,110.681906324215,1
1039,1561861236000,2019-06-30 02:20:36.000,-3.07001791498044,110.393416364605,1
1040,1561861236000,2019-06-30 02:20:36.000,-3.08480830712976,110.681174954125,1
1041,1561861236000,2019-06-30 02:20:36.000,-3.15295296519776,111.228959502474,1
1042,1561861236000,2019-06-30 02:20:36.000,-3.13014303016738,111.107313919605,1
1043,1561861236000,2019-06-30 02:20:36.000,-3.06029434612707,110.236877019159,1
1044,1561861236000,2019-06-30 02:20:36.000,-3.06729316160666,110.558459872717,1
1045,1561861236000,2019-06-30 02:20:36.000,-3.06226871731389,110.443081634601,1
1046,1561861236000,2019-06-30 02:20:36.000,-3.05994252051516,110.29462,1
1047,1561861236000,2019-06-30 02:20:36.000,-3.08841241314713,110.813293793412,1
1048,1561861236000,2019-06-30 02:20:36.000,-3.06824043069438,110.574931449814,1
1049,1561861238000,2019-06-30 02:20:38.000,-3.10351278204992,110.687887029,2
1050,1561861238000,2019-06-30 02:20:38.000,-3.087329842034,110.3438338987,1
1051,1561861238000,2019-06-30 02:20:38.000,-3.09266910603958,110.065040609598,1
1052,1561861238000,2019-06-30 02:20:38.000,-3.21092969545903,111.367982654361,1
1053,1561861238000,2019-06-30 02:20:38.000,-3.10351278204992,110.687887029,2
1054,1561861238000,2019-06-30 02:20:38.000,-3.087329842034,110.3438338987,1
1055,1561861238000,2019-06-30 02:20:38.000,-3.09266910603958,110.065040609598,1
1056,1561861238000,2019-06-30 02:20:38.000,-3.21092969545903,111.367982654361,1
1057,1561861242000,2019-06-30 02:20:42.000,-3.10550818452836,110.35181774314,2
1058,1561861242000,2019-06-30 02:20:42.000,-3.10550818452836,110.35181774314,2
1059,1561861242000,2019-06-30 02:20:42.000,-3.10550818452836,110.35181774314,2
1060,1561862132000,2019-06-30 02:35:32.000,-3.84513577194395,107.215161021995,0
1061,1561862132000,2019-06-30 02:35:32.000,-3.84513577194395,107.215161021995,0
1062,1561862132000,2019-06-30 02:35:32.000,-3.84513577194395,107.215161021995,0
1063,1561863357000,2019-06-30 02:55:57.000,-2.51059504902427,109.039862824057,2
1064,1561863357000,2019-06-30 02:55:57.000,-2.51059504902427,109.039862824057,2
1065,1561863357000,2019-06-30 02:55:57.000,-2.51059504902427,109.039862824057,2
1066,1561864188000,2019-06-30 03:09:48.000,-3.86227855930088,107.605887684184,0
1067,1561864188000,2019-06-30 03:09:48.000,-3.86227855930088,107.605887684184,0
1068,1561864188000,2019-06-30 03:09:48.000,-3.86227855930088,107.605887684184,0
1069,1561865248000,2019-06-30 03:27:28.000,-13.2003099858285,112.282558046706,2
1070,1561865248000,2019-06-30 03:27:28.000,-13.2003099858285,112.282558046706,2
1071,1561865248000,2019-06-30 03:27:28.000,-13.2003099858285,112.282558046706,2
1072,1561866344000,2019-06-30 03:45:44.000,-1.86776171604371,111.0401455916,2
1073,1561866344000,2019-06-30 03:45:44.000,-1.86776171604371,111.0401455916,2
1074,1561866344000,2019-06-30 03:45:44.000,-1.86776171604371,111.0401455916,2
1075,1561866554000,2019-06-30 03:49:14.000,-3.56685937394741,109.107161947084,2
1076,1561866554000,2019-06-30 03:49:14.000,-3.56685937394741,109.107161947084,2
1077,1561866554000,2019-06-30 03:49:14.000,-3.56685937394741,109.107161947084,2
1078,1561867035000,2019-06-30 03:57:15.000,-2.50369693407479,108.344567284966,2
1079,1561867035000,2019-06-30 03:57:15.000,-2.50369693407479,108.344567284966,2
1080,1561867035000,2019-06-30 03:57:15.000,-2.50369693407479,108.344567284966,2
1081,1561867128000,2019-06-30 03:58:48.000,-2.83369601832972,109.695681936117,0
1082,1561867128000,2019-06-30 03:58:48.000,-2.83369601832972,109.695681936117,0
1083,1561867128000,2019-06-30 03:58:48.000,-2.83369601832972,109.695681936117,0
1084,1561867188000,2019-06-30 03:59:48.000,-3.69697375556253,108.987532167233,2
1085,1561867962000,2019-06-30 04:12:42.000,-2.31778429092058,108.740362980109,2
1086,1561867962000,2019-06-30 04:12:42.000,-2.31778429092058,108.740362980109,2
1087,1561867962000,2019-06-30 04:12:42.000,-2.31778429092058,108.740362980109,2
1088,1561869517000,2019-06-30 04:38:37.000,-4.15406699933406,109.256522713532,0
1089,1561869517000,2019-06-30 04:38:37.000,-4.15406699933406,109.256522713532,0
1090,1561869517000,2019-06-30 04:38:37.000,-4.15406699933406,109.256522713532,0
1091,1561872092000,2019-06-30 05:21:32.000,-2.74573208460299,107.586432845135,2
1092,1561872092000,2019-06-30 05:21:32.000,-2.74573208460299,107.586432845135,2
1093,1561872092000,2019-06-30 05:21:32.000,-2.74573208460299,107.586432845135,2
1094,1561877670000,2019-06-30 06:54:30.000,-2.5802088489593,109.994810882249,2
1095,1561877670000,2019-06-30 06:54:30.000,-2.5802088489593,109.994810882249,2
1096,1561877670000,2019-06-30 06:54:30.000,-2.5802088489593,109.994810882249,2
1097,1561879280000,2019-06-30 07:21:20.000,-3.83744990664924,109.249031994236,0
1098,1561879280000,2019-06-30 07:21:20.000,-3.83744990664924,109.249031994236,0
1099,1561879280000,2019-06-30 07:21:20.000,-3.83744990664924,109.249031994236,0
1100,1561879707000,2019-06-30 07:28:27.000,-3.99681065060493,109.617658088919,2
1101,1561879707000,2019-06-30 07:28:27.000,-2.39220698253974,109.199233911994,2
1102,1561879707000,2019-06-30 07:28:27.000,-3.99681065060493,109.617658088919,2
1103,1561879707000,2019-06-30 07:28:27.000,-2.39220698253974,109.199233911994,2
1104,1561879707000,2019-06-30 07:28:27.000,-3.99681065060493,109.617658088919,2
1105,1561879707000,2019-06-30 07:28:27.000,-2.39220698253974,109.199233911994,2
1106,1561879997000,2019-06-30 07:33:17.000,-2.51739636230126,109.601967603267,0
1107,1561879997000,2019-06-30 07:33:17.000,-2.51739636230126,109.601967603267,0
1108,1561879997000,2019-06-30 07:33:17.000,-2.51739636230126,109.601967603267,0
1109,1561884322000,2019-06-30 08:45:22.000,-2.64068192772028,111.826298236225,0
1110,1561884322000,2019-06-30 08:45:22.000,-2.64068192772028,111.826298236225,0
1111,1561884322000,2019-06-30 08:45:22.000,-2.64068192772028,111.826298236225,0
1112,1561886502000,2019-06-30 09:21:42.000,-1.29743109021729,110.181796706317,2
1113,1561886502000,2019-06-30 09:21:42.000,-1.29743109021729,110.181796706317,2
1114,1561886502000,2019-06-30 09:21:42.000,-1.29743109021729,110.181796706317,2
1115,1561889152000,2019-06-30 10:05:52.000,-5.0323256650318,106.251085271934,2
1116,1561889152000,2019-06-30 10:05:52.000,-5.0323256650318,106.251085271934,2
1117,1561889152000,2019-06-30 10:05:52.000,-5.0323256650318,106.251085271934,2
1118,1561889631000,2019-06-30 10:13:51.000,-3.18411034759382,109.257321690685,0
1119,1561889631000,2019-06-30 10:13:51.000,-3.18411034759382,109.257321690685,0
1120,1561889631000,2019-06-30 10:13:51.000,-3.18411034759382,109.257321690685,0
1121,1561889671000,2019-06-30 10:14:31.000,-2.69146240868914,111.639012661674,1
1122,1561889671000,2019-06-30 10:14:31.000,-2.69146240868914,111.639012661674,1
1123,1561889671000,2019-06-30 10:14:31.000,-2.69146240868914,111.639012661674,1
1124,1561893827000,2019-06-30 11:23:47.000,-3.26638998915794,110.033849561701,2
1125,1561893827000,2019-06-30 11:23:47.000,-3.26638998915794,110.033849561701,2
1126,1561893827000,2019-06-30 11:23:47.000,-3.26638998915794,110.033849561701,2
1127,1561893961000,2019-06-30 11:26:01.000,-2.24083620233269,109.80071631017,0
1128,1561893961000,2019-06-30 11:26:01.000,-2.24083620233269,109.80071631017,0
1129,1561893961000,2019-06-30 11:26:01.000,-2.24083620233269,109.80071631017,0
1130,1561896560000,2019-06-30 12:09:20.000,-2.34580370500833,110.351493610256,1
1131,1561896560000,2019-06-30 12:09:20.000,-2.34580370500833,110.351493610256,1
1132,1561896560000,2019-06-30 12:09:20.000,-2.34580370500833,110.351493610256,1
1133,1561896626000,2019-06-30 12:10:26.000,-2.5731455725745,110.16737174775,2
1134,1561896626000,2019-06-30 12:10:26.000,-2.5731455725745,110.16737174775,2
1135,1561896626000,2019-06-30 12:10:26.000,-2.5731455725745,110.16737174775,2
1136,1561897474000,2019-06-30 12:24:34.000,-3.23430299665141,112.005429352243,1
1137,1561897474000,2019-06-30 12:24:34.000,-3.23430299665141,112.005429352243,1
1138,1561897474000,2019-06-30 12:24:34.000,-3.23430299665141,112.005429352243,1
1139,1561898751000,2019-06-30 12:45:51.000,-3.316455443949,111.992784158896,2
1140,1561898751000,2019-06-30 12:45:51.000,-3.316455443949,111.992784158896,2
1141,1561898751000,2019-06-30 12:45:51.000,-3.316455443949,111.992784158896,2
1142,1561898774000,2019-06-30 12:46:14.000,-2.9802098848971,108.045962611896,2
1143,1561898774000,2019-06-30 12:46:14.000,-2.9802098848971,108.045962611896,2
1144,1561898774000,2019-06-30 12:46:14.000,-2.9802098848971,108.045962611896,2
1145,1561901181000,2019-06-30 13:26:21.000,-1.82376171622268,110.793840791975,0
1146,1561901181000,2019-06-30 13:26:21.000,-1.82376171622268,110.793840791975,0
1147,1561901181000,2019-06-30 13:26:21.000,-1.82376171622268,110.793840791975,0
1148,1561902714000,2019-06-30 13:51:54.000,-3.27252263969499,111.270944696761,0
1149,1561902714000,2019-06-30 13:51:54.000,-3.27252263969499,111.270944696761,0
1150,1561902714000,2019-06-30 13:51:54.000,-3.27252263969499,111.270944696761,0
1151,1561903208000,2019-06-30 14:00:08.000,-4.27789316428197,111.337802468016,2
1152,1561903208000,2019-06-30 14:00:08.000,-4.27789316428197,111.337802468016,2
1153,1561903208000,2019-06-30 14:00:08.000,-4.27789316428197,111.337802468016,2
1154,1561903516000,2019-06-30 14:05:16.000,-3.25451198112712,111.134891681612,2
1155,1561903516000,2019-06-30 14:05:16.000,-3.25451198112712,111.134891681612,2
1156,1561903516000,2019-06-30 14:05:16.000,-3.25451198112712,111.134891681612,2
1157,1561905530000,2019-06-30 14:38:50.000,-2.65610219047324,110.115656544372,2
1158,1561905530000,2019-06-30 14:38:50.000,-2.65610219047324,110.115656544372,2
1159,1561905530000,2019-06-30 14:38:50.000,-2.65610219047324,110.115656544372,2
1160,1561905649000,2019-06-30 14:40:49.000,-3.43138444661205,110.370718955028,0
1161,1561905649000,2019-06-30 14:40:49.000,-3.43138444661205,110.370718955028,0
1162,1561905649000,2019-06-30 14:40:49.000,-3.43138444661205,110.370718955028,0
1163,1561905768000,2019-06-30 14:42:48.000,-8.49080818291069,116.455388872257,2
1164,1561905768000,2019-06-30 14:42:48.000,-8.49080818291069,116.455388872257,2
1165,1561905768000,2019-06-30 14:42:48.000,-8.49080818291069,116.455388872257,2
1166,1561906294000,2019-06-30 14:51:34.000,-3.99333469446448,111.096184738297,2
1167,1561906294000,2019-06-30 14:51:34.000,-3.99333469446448,111.096184738297,2
1168,1561906294000,2019-06-30 14:51:34.000,-3.99333469446448,111.096184738297,2
1169,1561907048000,2019-06-30 15:04:08.000,-2.81243329625039,107.872931276312,2
1170,1561907048000,2019-06-30 15:04:08.000,-2.81243329625039,107.872931276312,2
1171,1561907048000,2019-06-30 15:04:08.000,-2.81243329625039,107.872931276312,2
1172,1561907274000,2019-06-30 15:07:54.000,-4.04202989779474,109.87331728217,2
1173,1561907274000,2019-06-30 15:07:54.000,-4.04202989779474,109.87331728217,2
1174,1561907274000,2019-06-30 15:07:54.000,-4.04202989779474,109.87331728217,2
1175,1561908004000,2019-06-30 15:20:04.000,-8.18648868319033,105.17389631702,1
1176,1561908004000,2019-06-30 15:20:04.000,-8.18648868319033,105.17389631702,1
1177,1561908004000,2019-06-30 15:20:04.000,-8.18648868319033,105.17389631702,1
1178,1561908120000,2019-06-30 15:22:00.000,-3.19928410840894,110.110312042824,0
1179,1561908356000,2019-06-30 15:25:56.000,-2.81565173970345,107.589976025167,2
1180,1561908356000,2019-06-30 15:25:56.000,-2.81565173970345,107.589976025167,2
1181,1561908356000,2019-06-30 15:25:56.000,-2.81565173970345,107.589976025167,2
1182,1561908464000,2019-06-30 15:27:44.000,-2.60909684235477,110.411971344264,0
1183,1561908464000,2019-06-30 15:27:44.000,-2.60909684235477,110.411971344264,0
1184,1561908464000,2019-06-30 15:27:44.000,-2.60909684235477,110.411971344264,0
1185,1561908901000,2019-06-30 15:35:01.000,-3.41142135021915,108.254328418511,2
1186,1561908901000,2019-06-30 15:35:01.000,-3.41142135021915,108.254328418511,2
1187,1561908901000,2019-06-30 15:35:01.000,-3.41142135021915,108.254328418511,2
1188,1561910168000,2019-06-30 15:56:08.000,-2.55987393079771,110.96323545544,1
1189,1561910168000,2019-06-30 15:56:08.000,-2.55987393079771,110.96323545544,1
1190,1561910168000,2019-06-30 15:56:08.000,-2.55987393079771,110.96323545544,1
1191,1561910529000,2019-06-30 16:02:09.000,-2.06935238802483,110.513717281387,1
1192,1561910529000,2019-06-30 16:02:09.000,-2.06935238802483,110.513717281387,1
1193,1561910529000,2019-06-30 16:02:09.000,-2.06935238802483,110.513717281387,1
1194,1561911595000,2019-06-30 16:19:55.000,-3.38524046118949,107.630817817103,1
1195,1561911595000,2019-06-30 16:19:55.000,-3.38524046118949,107.630817817103,1
1196,1561911595000,2019-06-30 16:19:55.000,-3.38524046118949,107.630817817103,1
1197,1561912690000,2019-06-30 16:38:10.000,-4.08805941153031,108.758594707801,2
1198,1561912690000,2019-06-30 16:38:10.000,-4.08805941153031,108.758594707801,2
1199,1561912690000,2019-06-30 16:38:10.000,-4.08805941153031,108.758594707801,2
1200,1561913532000,2019-06-30 16:52:12.000,-3.53316360230167,111.653325087394,0
1201,1561913532000,2019-06-30 16:52:12.000,-3.53316360230167,111.653325087394,0
1202,1561913532000,2019-06-30 16:52:12.000,-3.53316360230167,111.653325087394,0
1203,1561913758000,2019-06-30 16:55:58.000,-3.08510774834987,110.863539630454,0
1204,1561913758000,2019-06-30 16:55:58.000,-3.08510774834987,110.863539630454,0
1205,1561913758000,2019-06-30 16:55:58.000,-3.08510774834987,110.863539630454,0
1206,1561913987000,2019-06-30 16:59:47.000,-2.76889042766898,111.874676762791,2
1207,1561913987000,2019-06-30 16:59:47.000,-2.76889042766898,111.874676762791,2
1208,1561913987000,2019-06-30 16:59:47.000,-2.76889042766898,111.874676762791,2
